[{"__type__":"cc.Prefab","_name":"money","data":{"__id__":1}},{"__type__":"cc.Node","_name":"money","_children":[{"__id__":2},{"__id__":3}],"_prefab":{"__type__":"cc.PrefabInfo","root":{"__id__":1},"asset":{"__id__":0},"fileId":"6fLy8tsepFLKuHhB7Sl/5d"},"_trs":{"__type__":"TypedArray","ctor":"Float64Array","array":[73,-9,0,0,0,0,0,1,1,1]}},{"__type__":"cc.Node","_name":"yuanbao","_parent":{"__id__":1},"_components":[{"__type__":"cc.Sprite","node":{"__id__":2},"_spriteFrame":{"__uuid__":"46PzoG5dNCbY3DHTD+1xGP"}}],"_prefab":{"__type__":"cc.PrefabInfo","root":{"__id__":1},"asset":{"__id__":0},"fileId":"f7rPIfDMhBK7IE1gRiK37h"},"_contentSize":{"__type__":"cc.Size","width":19,"height":14},"_trs":{"__type__":"TypedArray","ctor":"Float64Array","array":[-55.72999954223633,-192.7209930419922,0,0,0,0,0,1,1,1]}},{"__type__":"cc.Node","_name":"labell_num","_parent":{"__id__":1},"_components":[{"__type__":"cc.Label","node":{"__id__":3},"_useOriginalSize":false,"_string":"3000","_N$string":"3000","_fontSize":20,"_lineHeight":20,"_N$horizontalAlign":1,"_N$verticalAlign":1}],"_prefab":{"__type__":"cc.PrefabInfo","root":{"__id__":1},"asset":{"__id__":0},"fileId":"87Edh1U0JAaqMfdK1Qzvvj"},"_contentSize":{"__type__":"cc.Size","width":44.49,"height":25.2},"_trs":{"__type__":"TypedArray","ctor":"Float64Array","array":[-16.0049991607666,-192.05799865722656,0,0,0,0,0,1,1,1]}}]