[{"__type__":"cc.Prefab","_name":"renwu","data":{"__id__":1}},{"__type__":"cc.Node","_name":"renwu","_children":[{"__id__":2},{"__id__":3},{"__id__":4}],"_components":[{"__type__":"25b57freWpIFbsXA2uStL91","node":{"__id__":1}},{"__type__":"cc.Button","node":{"__id__":1}},{"__type__":"cc.Sprite","node":{"__id__":1},"_materials":[{"__uuid__":"ecpdLyjvZBwrvm+cedCcQy"}],"_spriteFrame":{"__uuid__":"14s/52ihxGpbTzLvds4Y3/"}},{"__type__":"cc.Toggle","node":{"__id__":1},"_normalMaterial":{"__uuid__":"ecpdLyjvZBwrvm+cedCcQy"},"checkMark":{"__id__":5}}],"_prefab":{"__type__":"cc.PrefabInfo","root":{"__id__":1},"asset":{"__uuid__":"df18iYJ5JB94csGfbem/Ds"},"fileId":"4etPdMvsJE5Jy6KnCFmBtZ"},"_contentSize":{"__type__":"cc.Size","width":66,"height":66},"_trs":{"__type__":"TypedArray","ctor":"Float64Array","array":[0,-22.600000381469727,0,0,0,0,1,1,1,1]}},{"__type__":"cc.Node","_name":"name","_parent":{"__id__":1},"_components":[{"__type__":"cc.Label","node":{"__id__":2},"_materials":[{"__uuid__":"ecpdLyjvZBwrvm+cedCcQy"}],"_useOriginalSize":false,"_string":"+","_N$string":"+","_fontSize":20,"_lineHeight":20,"_enableWrapText":false,"_N$horizontalAlign":1,"_N$verticalAlign":1,"_N$overflow":1}],"_prefab":{"__type__":"cc.PrefabInfo","root":{"__id__":1},"asset":{"__uuid__":"df18iYJ5JB94csGfbem/Ds"},"fileId":"85uHDC+jhMeqmwoCvn7zVc"},"_color":{"__type__":"cc.Color"},"_contentSize":{"__type__":"cc.Size","width":66,"height":66},"_trs":{"__type__":"TypedArray","ctor":"Float64Array","array":[0,0,0,0,0,0,1,1,1,1]}},{"__type__":"cc.Node","_name":"item","_parent":{"__id__":1},"_components":[{"__type__":"cc.Sprite","node":{"__id__":3},"_materials":[{"__uuid__":"ecpdLyjvZBwrvm+cedCcQy"}],"_sizeMode":0}],"_prefab":{"__type__":"cc.PrefabInfo","root":{"__id__":1},"asset":{"__uuid__":"df18iYJ5JB94csGfbem/Ds"},"fileId":"f2nHO4PMFCWLTKcwhR5Wtz"},"_contentSize":{"__type__":"cc.Size","width":57,"height":58.6},"_trs":{"__type__":"TypedArray","ctor":"Float64Array","array":[0.2,0,0,0,0,0,1,1,1,1]}},{"__type__":"cc.Node","_name":"biankuang","_parent":{"__id__":1},"_components":[{"__id__":5}],"_prefab":{"__type__":"cc.PrefabInfo","root":{"__id__":1},"asset":{"__uuid__":"df18iYJ5JB94csGfbem/Ds"},"fileId":"1fdOLfgMFHWoEvKvAzUYYn"},"_contentSize":{"__type__":"cc.Size","width":102,"height":102},"_trs":{"__type__":"TypedArray","ctor":"Float64Array","array":[0,0,0,0,0,0,1,0.649,0.649,0.649]}},{"__type__":"cc.Sprite","node":{"__id__":4},"_materials":[{"__uuid__":"ecpdLyjvZBwrvm+cedCcQy"}],"_spriteFrame":{"__uuid__":"cft1j8a6xP97kgxiJ0h9j8"}}]