[{"__type__":"cc.SpriteFrame","content":{"name":"load_bg","texture":"e97fpGSpBJQogH5BMhDfdy","rect":[0,0,960,640],"offset":[0,0],"originalSize":[960,640],"capInsets":[0,0,0,0]}},{"__type__":"cc.SpriteFrame","content":{"name":"slice09_09","texture":"2bZAhXGZVE36xd0ADawCnF","rect":[0,0,594,27],"offset":[0,0],"originalSize":[594,27],"capInsets":[0,0,0,0]}},[{"__type__":"cc.SceneAsset","_name":"load","scene":{"__id__":1},"asyncLoadAssets":null},{"__type__":"cc.Scene","_name":"New Node","_children":[{"__id__":2}],"_anchorPoint":{"__type__":"cc.Vec2"},"_trs":{"__type__":"TypedArray","ctor":"Float64Array","array":[0,0,0,0,0,0,1,1,1,1]},"autoReleaseAssets":false},{"__type__":"cc.Node","_name":"Canvas","_parent":{"__id__":1},"_children":[{"__id__":3},{"__id__":4}],"_components":[{"__type__":"cc.Canvas","node":{"__id__":2},"_fitWidth":true}],"_contentSize":{"__type__":"cc.Size","width":960,"height":640},"_trs":{"__type__":"TypedArray","ctor":"Float64Array","array":[480,320,0,0,0,0,1,1,1,1]},"_id":"6bhhn3pWtPd5W+utTsnpdS"},{"__type__":"cc.Node","_name":"Main Camera","_parent":{"__id__":2},"_components":[{"__type__":"cc.Camera","node":{"__id__":3},"_clearFlags":7,"_depth":-1,"_nearClip":0.1}],"_trs":{"__type__":"TypedArray","ctor":"Float64Array","array":[0,0,299.7512314077541,0,0,0,1,1,1,1]}},{"__type__":"cc.Node","_name":"loadbg","_parent":{"__id__":2},"_children":[{"__id__":5}],"_components":[{"__type__":"cc.Sprite","_name":"loadbg<Sprite>","node":{"__id__":4},"_materials":[{"__uuid__":"ecpdLyjvZBwrvm+cedCcQy"}],"_spriteFrame":{"__uuid__":"44IBx+KPJLMo1JWCuMe0IW"},"_sizeMode":0},{"__type__":"e1981cbzhFIQ5yHxljW4jH0","node":{"__id__":4},"loadProgressBar":{"__id__":10},"progressTip":{"__id__":9}}],"_prefab":{"__type__":"cc.PrefabInfo","root":{"__id__":4},"asset":{"__uuid__":"d4+dNdEzlJNrQNKicclTrV"},"fileId":"d8m5qzBl5IarFsbHvt/M9k"},"_contentSize":{"__type__":"cc.Size","width":960,"height":640},"_trs":{"__type__":"TypedArray","ctor":"Float64Array","array":[0,0,0,0,0,0,1,1,1,1]}},{"__type__":"cc.Node","_name":"loadBarbg","_parent":{"__id__":4},"_children":[{"__id__":6},{"__id__":8}],"_components":[{"__type__":"cc.Sprite","_name":"loadBarbg<Sprite>","node":{"__id__":5},"_materials":[{"__uuid__":"ecpdLyjvZBwrvm+cedCcQy"}],"_spriteFrame":{"__uuid__":"ff3MZPZbFN5bWVcC+7PihM"},"_sizeMode":0},{"__id__":10}],"_prefab":{"__type__":"cc.PrefabInfo","root":{"__id__":4},"asset":{"__uuid__":"d4+dNdEzlJNrQNKicclTrV"},"fileId":"fePyE4pjpHH5OkHTkzdBCW"},"_contentSize":{"__type__":"cc.Size","width":594,"height":30},"_anchorPoint":{"__type__":"cc.Vec2","y":0.5},"_trs":{"__type__":"TypedArray","ctor":"Float64Array","array":[-309,-206,0,0,0,0,1,1,1,1]}},{"__type__":"cc.Node","_name":"bar","_parent":{"__id__":5},"_components":[{"__id__":7}],"_prefab":{"__type__":"cc.PrefabInfo","root":{"__id__":4},"asset":{"__uuid__":"d4+dNdEzlJNrQNKicclTrV"},"fileId":"e1SDaAzWRDA5Fn16/J8e6k"},"_contentSize":{"__type__":"cc.Size","width":588,"height":24.3},"_anchorPoint":{"__type__":"cc.Vec2","y":0.5},"_trs":{"__type__":"TypedArray","ctor":"Float64Array","array":[9,-1,0,0,0,0,1,0.9700000286102295,0.800000011920929,0.9700000286102295]}},{"__type__":"cc.Sprite","_name":"bar<Sprite>","node":{"__id__":6},"_materials":[{"__uuid__":"ecpdLyjvZBwrvm+cedCcQy"}],"_spriteFrame":{"__uuid__":"643Hf7f5ZJn4h8q+4r1BfO"},"_type":2,"_sizeMode":0},{"__type__":"cc.Node","_name":"bartip","_parent":{"__id__":5},"_components":[{"__id__":9}],"_prefab":{"__type__":"cc.PrefabInfo","root":{"__id__":4},"asset":{"__uuid__":"d4+dNdEzlJNrQNKicclTrV"},"fileId":"e0G2TiLJ9Hw7IlwjoJTGuR"},"_contentSize":{"__type__":"cc.Size","width":40.03,"height":25.2},"_trs":{"__type__":"TypedArray","ctor":"Float64Array","array":[293,-1,0,0,0,0,1,1,1,1]}},{"__type__":"cc.Label","_name":"bartip<Label>","node":{"__id__":8},"_materials":[{"__uuid__":"ecpdLyjvZBwrvm+cedCcQy"}],"_useOriginalSize":false,"_string":"20%","_N$string":"20%","_fontSize":20,"_lineHeight":20,"_N$horizontalAlign":1,"_N$verticalAlign":1},{"__type__":"cc.ProgressBar","node":{"__id__":5},"_N$totalLength":588,"_N$barSprite":{"__id__":7}}],{"__type__":"cc.SpriteFrame","content":{"name":"loadBar","texture":"12yR1jEztCMIddmm5t+HrL","rect":[0,0,613,35],"offset":[0,0],"originalSize":[613,35],"capInsets":[0,0,0,0]}}]