[{"__type__":"cc.SpriteFrame","content":{"name":"setting2","texture":"1d4sCsBWJI06YF5Bf0mmMO","rect":[890,153,51,55],"offset":[0,0],"originalSize":[51,55],"rotated":1,"capInsets":[0,0,0,0]}},{"__type__":"cc.SpriteFrame","content":{"name":"setting6","texture":"1d4sCsBWJI06YF5Bf0mmMO","rect":[822,153,66,66],"offset":[0,0],"originalSize":[66,66],"capInsets":[0,0,0,0]}},{"__type__":"cc.SpriteFrame","content":{"name":"setting8","texture":"1d4sCsBWJI06YF5Bf0mmMO","rect":[2,2,758,480],"offset":[0,0],"originalSize":[758,480],"capInsets":[0,0,0,0]}},{"__type__":"cc.SpriteFrame","content":{"name":"setting9","texture":"1d4sCsBWJI06YF5Bf0mmMO","rect":[890,206,220,42],"offset":[0,0],"originalSize":[220,42],"rotated":1,"capInsets":[0,0,0,0]}},{"__type__":"cc.SpriteFrame","content":{"name":"setting11","texture":"1d4sCsBWJI06YF5Bf0mmMO","rect":[762,49,430,32],"offset":[0,0],"originalSize":[430,32],"rotated":1,"capInsets":[0,0,0,0]}},{"__type__":"cc.SpriteFrame","content":{"name":"setting12","texture":"1d4sCsBWJI06YF5Bf0mmMO","rect":[796,49,424,24],"offset":[0,0],"originalSize":[424,24],"rotated":1,"capInsets":[0,0,0,0]}},{"__type__":"cc.SpriteFrame","content":{"name":"setting3","texture":"1d4sCsBWJI06YF5Bf0mmMO","rect":[822,357,66,66],"offset":[0,0],"originalSize":[66,66],"capInsets":[0,0,0,0]}},{"__type__":"cc.SpriteFrame","content":{"name":"setting4","texture":"1d4sCsBWJI06YF5Bf0mmMO","rect":[822,289,66,66],"offset":[0,0],"originalSize":[66,66],"capInsets":[0,0,0,0]}},{"__type__":"cc.SpriteFrame","content":{"name":"setting10","texture":"1d4sCsBWJI06YF5Bf0mmMO","rect":[762,2,184,45],"offset":[0,0],"originalSize":[184,45],"capInsets":[0,0,0,0]}},{"__type__":"cc.SpriteFrame","content":{"name":"setting1","texture":"1d4sCsBWJI06YF5Bf0mmMO","rect":[822,49,102,102],"offset":[0,0],"originalSize":[102,102],"capInsets":[0,0,0,0]}},{"__type__":"cc.SpriteAtlas","_name":"setting.plist","_spriteFrames":{"setting1":{"__uuid__":"bfUKhTuxBBw7kGvm7RdJa+"},"setting10":{"__uuid__":"b8ItVhUPVMtIk9fullAgpv"},"setting11":{"__uuid__":"46JbaTaodE4oTaO3oUYFqK"},"setting12":{"__uuid__":"50GJeOM9tHYJCM3yD3vO34"},"setting2":{"__uuid__":"04/vUUw/hMxIzVfJ7y/yQ5"},"setting3":{"__uuid__":"92EQyt4oRIk6mZY/OOr1Es"},"setting4":{"__uuid__":"a3NyP1LuZBkJQR0sOeYwOj"},"setting5":{"__uuid__":"edL4xDfFlCELMig9Vapn8b"},"setting6":{"__uuid__":"18w9zuQoBK1amFwZnBe3qN"},"setting8":{"__uuid__":"1aumrgXGxPn7XNVt2ArmVE"},"setting9":{"__uuid__":"2br5qoXKdMGo10YYywRKG2"}}},{"__type__":"cc.SpriteFrame","content":{"name":"setting5","texture":"1d4sCsBWJI06YF5Bf0mmMO","rect":[822,221,66,66],"offset":[0,0],"originalSize":[66,66],"capInsets":[0,0,0,0]}}]