[{"__type__":"cc.Prefab","_name":"shangcheng_item","data":{"__id__":1}},{"__type__":"cc.Node","_name":"shangcheng_item","_children":[{"__id__":2},{"__id__":4},{"__id__":6},{"__id__":7}],"_components":[{"__type__":"cc.Toggle","node":{"__id__":1},"_N$transition":2,"transition":2,"_N$normalColor":{"__type__":"cc.Color","r":214,"g":214,"b":214},"_N$isChecked":false,"checkMark":{"__id__":3},"checkEvents":[{"__type__":"cc.ClickEvent","target":{"__id__":1},"_componentId":"97da5x8N+dMMJgSf7JkQDju","handler":"selectItem"}]},{"__type__":"97da5x8N+dMMJgSf7JkQDju","node":{"__id__":1}}],"_prefab":{"__type__":"cc.PrefabInfo","root":{"__id__":1},"asset":{"__uuid__":"d4FBycqWtNC7qeQBFckzY1"},"fileId":"78ov1iDBROzrOJ4mlat6qD"},"_contentSize":{"__type__":"cc.Size","width":274,"height":74},"_trs":{"__type__":"TypedArray","ctor":"Float64Array","array":[-139,159,0,0,0,0,1,1,1,1]}},{"__type__":"cc.Node","_name":"bg","_parent":{"__id__":1},"_active":false,"_components":[{"__id__":3},{"__type__":"cc.Widget","node":{"__id__":2},"_alignFlags":45,"_left":2.5,"_right":-1.5,"_originalWidth":40,"_originalHeight":36}],"_prefab":{"__type__":"cc.PrefabInfo","root":{"__id__":1},"asset":{"__uuid__":"d4FBycqWtNC7qeQBFckzY1"},"fileId":"76BGdsq+xDk5oUyZYxQz/8"},"_contentSize":{"__type__":"cc.Size","width":273,"height":74},"_trs":{"__type__":"TypedArray","ctor":"Float64Array","array":[2,0,0,0,0,0,1,1,1,1]}},{"__type__":"cc.Sprite","node":{"__id__":2},"_spriteFrame":{"__uuid__":"c6hOKDDn5HHr4K3T6KzAhX"},"_sizeMode":0},{"__type__":"cc.Node","_name":"icon_bian","_parent":{"__id__":1},"_children":[{"__id__":5}],"_components":[{"__type__":"cc.Sprite","node":{"__id__":4},"_materials":[{"__uuid__":"ecpdLyjvZBwrvm+cedCcQy"}],"_spriteFrame":{"__uuid__":"36PCrZmblP6K4Uu3pE4fSu"}}],"_prefab":{"__type__":"cc.PrefabInfo","root":{"__id__":1},"asset":{"__uuid__":"d4FBycqWtNC7qeQBFckzY1"},"fileId":"1fxMD6ZU9Cx6EpGNaOm5vU"},"_color":{"__type__":"cc.Color","r":252,"g":253,"b":247},"_contentSize":{"__type__":"cc.Size","width":167,"height":167},"_trs":{"__type__":"TypedArray","ctor":"Float64Array","array":[-97.77899932861328,2.305999994277954,0,0,0,0,1,0.30000001192092896,0.30000001192092896,1]}},{"__type__":"cc.Node","_name":"icon","_parent":{"__id__":4},"_components":[{"__type__":"cc.Widget","node":{"__id__":5},"_alignFlags":45,"_left":12,"_right":12,"_top":12,"_bottom":12,"_originalWidth":40,"_originalHeight":36},{"__type__":"cc.Sprite","node":{"__id__":5},"_materials":[{"__uuid__":"ecpdLyjvZBwrvm+cedCcQy"}],"_spriteFrame":{"__uuid__":"f55yTt2hZFz6mYx/8pjcT7"},"_sizeMode":0}],"_prefab":{"__type__":"cc.PrefabInfo","root":{"__id__":1},"asset":{"__uuid__":"d4FBycqWtNC7qeQBFckzY1"},"fileId":"789bvEzrVMdrpcvBKafcWN"},"_contentSize":{"__type__":"cc.Size","width":143,"height":143},"_trs":{"__type__":"TypedArray","ctor":"Float64Array","array":[0,0,0,0,0,0,1,1,1,1]}},{"__type__":"cc.Node","_name":"label","_parent":{"__id__":1},"_components":[{"__type__":"cc.Label","node":{"__id__":6},"_materials":[{"__uuid__":"ecpdLyjvZBwrvm+cedCcQy"}],"_useOriginalSize":false,"_string":"降龙降龙十八掌","_N$string":"降龙降龙十八掌","_fontSize":20,"_lineHeight":20,"_N$verticalAlign":1,"_N$overflow":1}],"_prefab":{"__type__":"cc.PrefabInfo","root":{"__id__":1},"asset":{"__uuid__":"d4FBycqWtNC7qeQBFckzY1"},"fileId":"87gJouEgpCHaxKB+EM+MF/"},"_contentSize":{"__type__":"cc.Size","width":176,"height":38},"_trs":{"__type__":"TypedArray","ctor":"Float64Array","array":[31,17,0,0,0,0,1,1,1,1]}},{"__type__":"cc.Node","_name":"money","_parent":{"__id__":1},"_children":[{"__id__":8},{"__id__":9}],"_prefab":{"__type__":"cc.PrefabInfo","root":{"__id__":1},"asset":{"__uuid__":"d4FBycqWtNC7qeQBFckzY1"},"fileId":"dexsVJYydKD6fUYKUl+h6d"},"_trs":{"__type__":"TypedArray","ctor":"Float64Array","array":[73,-9,0,0,0,0,1,1,1,1]}},{"__type__":"cc.Node","_name":"yuanbao","_parent":{"__id__":7},"_components":[{"__type__":"cc.Sprite","node":{"__id__":8},"_materials":[{"__uuid__":"ecpdLyjvZBwrvm+cedCcQy"}],"_spriteFrame":{"__uuid__":"46PzoG5dNCbY3DHTD+1xGP"}}],"_prefab":{"__type__":"cc.PrefabInfo","root":{"__id__":1},"asset":{"__uuid__":"d4FBycqWtNC7qeQBFckzY1"},"fileId":"c4+3RSL2VHgL+wGFn1dEcc"},"_contentSize":{"__type__":"cc.Size","width":19,"height":14},"_trs":{"__type__":"TypedArray","ctor":"Float64Array","array":[-120,-4,0,0,0,0,1,1,1,1]}},{"__type__":"cc.Node","_name":"label_num","_parent":{"__id__":7},"_components":[{"__type__":"cc.Label","node":{"__id__":9},"_materials":[{"__uuid__":"ecpdLyjvZBwrvm+cedCcQy"}],"_useOriginalSize":false,"_string":"3000","_N$string":"3000","_fontSize":20,"_lineHeight":20,"_N$horizontalAlign":1,"_N$verticalAlign":1}],"_prefab":{"__type__":"cc.PrefabInfo","root":{"__id__":1},"asset":{"__uuid__":"d4FBycqWtNC7qeQBFckzY1"},"fileId":"236lkavz1Gvamam2gd6uxG"},"_contentSize":{"__type__":"cc.Size","width":44.49,"height":25.2},"_trs":{"__type__":"TypedArray","ctor":"Float64Array","array":[-79.00499725341797,-3.058000087738037,0,0,0,0,1,1,1,1]}}]