{"__type__":"cc.AnimationClip","_name":"player_ack","_duration":0.7,"curveData":{"comps":{"cc.Sprite":{"spriteFrame":[{"frame":0,"value":{"__uuid__":"957rap8CFDf43RbIwxb1RR"}},{"frame":0.06666666666666667,"value":{"__uuid__":"62tnBWcZFHyquGq0M8UY7D"}},{"frame":0.15,"value":{"__uuid__":"c6DHcqvcRMOahmnQ7wvBw7"}},{"frame":0.25,"value":{"__uuid__":"1fUAbJPF1E/4DJkFKULQT/"}},{"frame":0.3333333333333333,"value":{"__uuid__":"ce97s5nKxGVL01w0CsTPGF"}},{"frame":0.4166666666666667,"value":{"__uuid__":"09f3XZzCRA+YIVKd5GjAyo"}},{"frame":0.5,"value":{"__uuid__":"5aVNpjoOROarGUd+2moMbg"}},{"frame":0.5833333333333334,"value":{"__uuid__":"ecluBXr89PRZuily7W2ZZk"}},{"frame":0.6833333333333333,"value":{"__uuid__":"957rap8CFDf43RbIwxb1RR"}}]}}},"events":[{"frame":0.3333333333333333,"func":"jumpback","params":[]}]}