[{"__type__":"cc.Prefab","_name":"jiaose","data":{"__id__":1}},{"__type__":"cc.Node","_name":"jiaose","_children":[{"__id__":2},{"__id__":3},{"__id__":4},{"__id__":5},{"__id__":6},{"__id__":7},{"__id__":8},{"__id__":11},{"__id__":21},{"__id__":29},{"__id__":34},{"__id__":51}],"_components":[{"__type__":"cc.Sprite","node":{"__id__":1},"_materials":[{"__uuid__":"ecpdLyjvZBwrvm+cedCcQy"}],"_spriteFrame":{"__uuid__":"907KpSsYBMcbncmwoEVtih"}},{"__type__":"d5775Z/18tA5bql8+ltGvgM","node":{"__id__":1},"Nname":{"__uuid__":"df18iYJ5JB94csGfbem/Ds"},"Ncontent":{"__id__":27},"renwu_mode":{"__id__":10}}],"_prefab":{"__type__":"cc.PrefabInfo","root":{"__id__":1},"asset":{"__uuid__":"8bUTwSxj1OH7+Tvy6gxJRY"},"fileId":"7enh+Z7edNhJs9nwkvvtpG"},"_contentSize":{"__type__":"cc.Size","width":876,"height":557},"_trs":{"__type__":"TypedArray","ctor":"Float64Array","array":[1734.695,59.641,0,0,0,0,1,0.8,0.8,1]}},{"__type__":"cc.Node","_name":"1_0014_圆角矩形-2","_parent":{"__id__":1},"_components":[{"__type__":"cc.Sprite","node":{"__id__":2},"_materials":[{"__uuid__":"ecpdLyjvZBwrvm+cedCcQy"}],"_spriteFrame":{"__uuid__":"7fqFfTcBZAF7RUlH4a3e+/"}}],"_prefab":{"__type__":"cc.PrefabInfo","root":{"__id__":1},"asset":{"__uuid__":"8bUTwSxj1OH7+Tvy6gxJRY"},"fileId":"87wSA808BDuJ9ex9nQSfO7"},"_contentSize":{"__type__":"cc.Size","width":161,"height":49},"_trs":{"__type__":"TypedArray","ctor":"Float64Array","array":[-35.062,280.499,0,0,0,0,1,1,1,1]}},{"__type__":"cc.Node","_name":"1_0000_角-色","_parent":{"__id__":1},"_components":[{"__type__":"cc.Sprite","node":{"__id__":3},"_materials":[{"__uuid__":"ecpdLyjvZBwrvm+cedCcQy"}],"_spriteFrame":{"__uuid__":"908uPybeZFgIeD4vhnHzrY"}}],"_prefab":{"__type__":"cc.PrefabInfo","root":{"__id__":1},"asset":{"__uuid__":"8bUTwSxj1OH7+Tvy6gxJRY"},"fileId":"0aLI+khs1HCKrs/UCH5et+"},"_contentSize":{"__type__":"cc.Size","width":74,"height":35},"_trs":{"__type__":"TypedArray","ctor":"Float64Array","array":[-30.429,281.03,0,0,0,0,1,1,1,1]}},{"__type__":"cc.Node","_name":"1_0013_圆角矩形-3","_parent":{"__id__":1},"_components":[{"__type__":"cc.Sprite","node":{"__id__":4},"_materials":[{"__uuid__":"ecpdLyjvZBwrvm+cedCcQy"}],"_spriteFrame":{"__uuid__":"13pwz5MO9JAaCY2lOdM9j+"}}],"_prefab":{"__type__":"cc.PrefabInfo","root":{"__id__":1},"asset":{"__uuid__":"8bUTwSxj1OH7+Tvy6gxJRY"},"fileId":"76P7kv2kFEm6qjWyW9Jsuq"},"_contentSize":{"__type__":"cc.Size","width":846,"height":470},"_trs":{"__type__":"TypedArray","ctor":"Float64Array","array":[0,-25.06,0,0,0,0,1,1,1,1]}},{"__type__":"cc.Node","_name":"1_0012_圆角矩形-4","_parent":{"__id__":1},"_components":[{"__type__":"cc.Sprite","node":{"__id__":5},"_materials":[{"__uuid__":"ecpdLyjvZBwrvm+cedCcQy"}],"_spriteFrame":{"__uuid__":"32Xfb3pEZJpbGZrDMee/hI"}}],"_prefab":{"__type__":"cc.PrefabInfo","root":{"__id__":1},"asset":{"__uuid__":"8bUTwSxj1OH7+Tvy6gxJRY"},"fileId":"01hmrjphlNK6nG4IMl9pNW"},"_contentSize":{"__type__":"cc.Size","width":384,"height":406},"_trs":{"__type__":"TypedArray","ctor":"Float64Array","array":[-131.517,-26.87,0,0,0,0,1,1,1,1]}},{"__type__":"cc.Node","_name":"shuxingnames","_parent":{"__id__":1},"_components":[{"__type__":"cc.Sprite","node":{"__id__":6},"_materials":[{"__uuid__":"ecpdLyjvZBwrvm+cedCcQy"}],"_spriteFrame":{"__uuid__":"01JHAEJJ5GWZDJF1q3Vkha"}}],"_prefab":{"__type__":"cc.PrefabInfo","root":{"__id__":1},"asset":{"__uuid__":"8bUTwSxj1OH7+Tvy6gxJRY"},"fileId":"dfTzNH/oBFvITpvFd0uztU"},"_contentSize":{"__type__":"cc.Size","width":274,"height":248},"_trs":{"__type__":"TypedArray","ctor":"Float64Array","array":[218.343,50.062,0,0,0,0,1,1,1,1]}},{"__type__":"cc.Node","_name":"wugongtitle","_parent":{"__id__":1},"_components":[{"__type__":"cc.Sprite","node":{"__id__":7},"_materials":[{"__uuid__":"ecpdLyjvZBwrvm+cedCcQy"}],"_spriteFrame":{"__uuid__":"06XZR8+ZhAJ7laMa2fdl5M"}}],"_prefab":{"__type__":"cc.PrefabInfo","root":{"__id__":1},"asset":{"__uuid__":"8bUTwSxj1OH7+Tvy6gxJRY"},"fileId":"12/oBEEH5GQpvRpZFIIuO6"},"_contentSize":{"__type__":"cc.Size","width":88,"height":48},"_trs":{"__type__":"TypedArray","ctor":"Float64Array","array":[221.465,-106.77,0,0,0,0,1,1,1,1]}},{"__type__":"cc.Node","_name":"jiaosebg","_parent":{"__id__":1},"_children":[{"__id__":9}],"_prefab":{"__type__":"cc.PrefabInfo","root":{"__id__":1},"asset":{"__uuid__":"8bUTwSxj1OH7+Tvy6gxJRY"},"fileId":"fds1PqINxBdIXzUesX/UjT"},"_trs":{"__type__":"TypedArray","ctor":"Float64Array","array":[74.748,-3.737,0,0,0,0,1,1,1,1]}},{"__type__":"cc.Node","_name":"renwu_mode","_parent":{"__id__":8},"_components":[{"__id__":10}],"_prefab":{"__type__":"cc.PrefabInfo","root":{"__id__":1},"asset":{"__uuid__":"8bUTwSxj1OH7+Tvy6gxJRY"},"fileId":"3bDXbznNxNQIR1p9wtvwGL"},"_contentSize":{"__type__":"cc.Size","width":300,"height":331},"_trs":{"__type__":"TypedArray","ctor":"Float64Array","array":[-211.025,-29.144,0,0,0,0,1,0.637,0.637,0.637]}},{"__type__":"cc.Sprite","node":{"__id__":9},"_materials":[{"__uuid__":"ecpdLyjvZBwrvm+cedCcQy"}],"_sizeMode":0},{"__type__":"cc.Node","_name":"label_list","_parent":{"__id__":1},"_children":[{"__id__":12},{"__id__":13},{"__id__":14},{"__id__":15},{"__id__":16},{"__id__":17},{"__id__":18},{"__id__":19},{"__id__":20}],"_prefab":{"__type__":"cc.PrefabInfo","root":{"__id__":1},"asset":{"__uuid__":"8bUTwSxj1OH7+Tvy6gxJRY"},"fileId":"e9N5V31flB0K5vS/YBzs87"},"_color":{"__type__":"cc.Color","r":167,"g":167,"b":167},"_contentSize":{"__type__":"cc.Size","width":635,"height":113},"_anchorPoint":{"__type__":"cc.Vec2","x":0.5,"y":0.5080645161290323},"_trs":{"__type__":"TypedArray","ctor":"Float64Array","array":[260.903,204.659,0,0,0,0,1,1.21212,1.21212,1.21212]}},{"__type__":"cc.Node","_name":"xm","_parent":{"__id__":11},"_components":[{"__type__":"cc.Label","node":{"__id__":12},"_materials":[{"__uuid__":"ecpdLyjvZBwrvm+cedCcQy"}],"_useOriginalSize":false,"_string":"丁新1","_N$string":"丁新1","_fontSize":20,"_lineHeight":20,"_N$verticalAlign":1,"_N$overflow":1}],"_prefab":{"__type__":"cc.PrefabInfo","root":{"__id__":1},"asset":{"__uuid__":"8bUTwSxj1OH7+Tvy6gxJRY"},"fileId":"80lr4K36pFK70XQw73FkgY"},"_color":{"__type__":"cc.Color"},"_contentSize":{"__type__":"cc.Size","width":92,"height":25},"_trs":{"__type__":"TypedArray","ctor":"Float64Array","array":[-52,-35,0,0,0,0,1,1,1,1]}},{"__type__":"cc.Node","_name":"ack","_parent":{"__id__":11},"_components":[{"__type__":"cc.Label","node":{"__id__":13},"_materials":[{"__uuid__":"ecpdLyjvZBwrvm+cedCcQy"}],"_useOriginalSize":false,"_string":"9999","_N$string":"9999","_fontSize":20,"_lineHeight":20,"_N$verticalAlign":1,"_N$overflow":1}],"_prefab":{"__type__":"cc.PrefabInfo","root":{"__id__":1},"asset":{"__uuid__":"8bUTwSxj1OH7+Tvy6gxJRY"},"fileId":"9dlsXIhuZMRIVlGz7Sh49n"},"_color":{"__type__":"cc.Color"},"_contentSize":{"__type__":"cc.Size","width":81,"height":25},"_trs":{"__type__":"TypedArray","ctor":"Float64Array","array":[-58,-129,0,0,0,0,1,1,1,1]}},{"__type__":"cc.Node","_name":"def","_parent":{"__id__":11},"_components":[{"__type__":"cc.Label","node":{"__id__":14},"_materials":[{"__uuid__":"ecpdLyjvZBwrvm+cedCcQy"}],"_useOriginalSize":false,"_string":"9999","_N$string":"9999","_fontSize":20,"_lineHeight":20,"_N$verticalAlign":1,"_N$overflow":1}],"_prefab":{"__type__":"cc.PrefabInfo","root":{"__id__":1},"asset":{"__uuid__":"8bUTwSxj1OH7+Tvy6gxJRY"},"fileId":"a2RiiQnT1BMIaZu5QXK+n3"},"_color":{"__type__":"cc.Color"},"_contentSize":{"__type__":"cc.Size","width":80,"height":25},"_anchorPoint":{"__type__":"cc.Vec2","x":0.48265992050013307,"y":0.7462291288981127},"_trs":{"__type__":"TypedArray","ctor":"Float64Array","array":[86,-123,0,0,0,0,1,1,1,1]}},{"__type__":"cc.Node","_name":"hp","_parent":{"__id__":11},"_components":[{"__type__":"cc.Label","node":{"__id__":15},"_materials":[{"__uuid__":"ecpdLyjvZBwrvm+cedCcQy"}],"_useOriginalSize":false,"_string":"9999","_N$string":"9999","_fontSize":20,"_lineHeight":20,"_N$verticalAlign":1,"_N$overflow":1}],"_prefab":{"__type__":"cc.PrefabInfo","root":{"__id__":1},"asset":{"__uuid__":"8bUTwSxj1OH7+Tvy6gxJRY"},"fileId":"2fFFclpRtCaLYIylJk1UQn"},"_color":{"__type__":"cc.Color"},"_contentSize":{"__type__":"cc.Size","width":93,"height":25},"_trs":{"__type__":"TypedArray","ctor":"Float64Array","array":[-52,-97,0,0,0,0,1,1,1,1]}},{"__type__":"cc.Node","_name":"mp","_parent":{"__id__":11},"_components":[{"__type__":"cc.Label","node":{"__id__":16},"_materials":[{"__uuid__":"ecpdLyjvZBwrvm+cedCcQy"}],"_useOriginalSize":false,"_string":"999","_N$string":"999","_fontSize":20,"_lineHeight":20,"_N$verticalAlign":1,"_N$overflow":1}],"_prefab":{"__type__":"cc.PrefabInfo","root":{"__id__":1},"asset":{"__uuid__":"8bUTwSxj1OH7+Tvy6gxJRY"},"fileId":"ffSiV/1L9DVK8KdYulxpHJ"},"_color":{"__type__":"cc.Color"},"_contentSize":{"__type__":"cc.Size","width":76,"height":25},"_trs":{"__type__":"TypedArray","ctor":"Float64Array","array":[85,-97,0,0,0,0,1,1,1,1]}},{"__type__":"cc.Node","_name":"exp","_parent":{"__id__":11},"_components":[{"__type__":"cc.Label","node":{"__id__":17},"_materials":[{"__uuid__":"ecpdLyjvZBwrvm+cedCcQy"}],"_useOriginalSize":false,"_string":"1000/2000  ","_N$string":"1000/2000  ","_fontSize":20,"_lineHeight":20,"_N$verticalAlign":1,"_N$overflow":1}],"_prefab":{"__type__":"cc.PrefabInfo","root":{"__id__":1},"asset":{"__uuid__":"8bUTwSxj1OH7+Tvy6gxJRY"},"fileId":"49GRTNoQhOtrHwbKw8QFTJ"},"_color":{"__type__":"cc.Color"},"_contentSize":{"__type__":"cc.Size","width":210,"height":25},"_trs":{"__type__":"TypedArray","ctor":"Float64Array","array":[7,-220,0,0,0,0,1,1,1,1]}},{"__type__":"cc.Node","_name":"jj","_parent":{"__id__":11},"_components":[{"__type__":"cc.Label","node":{"__id__":18},"_materials":[{"__uuid__":"ecpdLyjvZBwrvm+cedCcQy"}],"_useOriginalSize":false,"_string":"9999","_N$string":"9999","_fontSize":20,"_lineHeight":20,"_N$verticalAlign":1,"_N$overflow":1}],"_prefab":{"__type__":"cc.PrefabInfo","root":{"__id__":1},"asset":{"__uuid__":"8bUTwSxj1OH7+Tvy6gxJRY"},"fileId":"06UZsRGrlDYa71JJ/Pvy+/"},"_color":{"__type__":"cc.Color"},"_contentSize":{"__type__":"cc.Size","width":77,"height":25},"_trs":{"__type__":"TypedArray","ctor":"Float64Array","array":[86,-67,0,0,0,0,1,1,1,1]}},{"__type__":"cc.Node","_name":"jn","_parent":{"__id__":11},"_active":false,"_components":[{"__type__":"cc.Label","node":{"__id__":19},"_materials":[{"__uuid__":"ecpdLyjvZBwrvm+cedCcQy"}],"_useOriginalSize":false,"_string":"武功:无 ","_N$string":"武功:无 ","_fontSize":20,"_lineHeight":20,"_N$verticalAlign":1,"_N$overflow":1}],"_prefab":{"__type__":"cc.PrefabInfo","root":{"__id__":1},"asset":{"__uuid__":"8bUTwSxj1OH7+Tvy6gxJRY"},"fileId":"99u1w9yz5M/JAvbCY9a3j7"},"_color":{"__type__":"cc.Color"},"_contentSize":{"__type__":"cc.Size","width":250,"height":25.2},"_trs":{"__type__":"TypedArray","ctor":"Float64Array","array":[-196.056,26.692,0,0,0,0,1,1,1,1]}},{"__type__":"cc.Node","_name":"money","_parent":{"__id__":11},"_active":false,"_components":[{"__type__":"cc.Label","node":{"__id__":20},"_materials":[{"__uuid__":"ecpdLyjvZBwrvm+cedCcQy"}],"_useOriginalSize":false,"_string":"银两:200001","_N$string":"银两:200001","_fontSize":20,"_lineHeight":20,"_enableWrapText":false,"_N$verticalAlign":1,"_N$overflow":1}],"_prefab":{"__type__":"cc.PrefabInfo","root":{"__id__":1},"asset":{"__uuid__":"8bUTwSxj1OH7+Tvy6gxJRY"},"fileId":"e788QwFKpGM6wuweNKkO9g"},"_color":{"__type__":"cc.Color"},"_contentSize":{"__type__":"cc.Size","width":150,"height":25.2},"_trs":{"__type__":"TypedArray","ctor":"Float64Array","array":[47.245,26.075,0,0,0,0,1,1,1,1]}},{"__type__":"cc.Node","_name":"listhuoban","_parent":{"__id__":1},"_children":[{"__id__":22},{"__id__":28}],"_components":[{"__type__":"cc.Sprite","node":{"__id__":21},"_materials":[{"__uuid__":"ecpdLyjvZBwrvm+cedCcQy"}],"_spriteFrame":{"__uuid__":"9bvaMerUlDyary99mJa6xp"},"_type":1,"_sizeMode":0},{"__id__":26}],"_prefab":{"__type__":"cc.PrefabInfo","root":{"__id__":1},"asset":{"__uuid__":"8bUTwSxj1OH7+Tvy6gxJRY"},"fileId":"a21L0BalRJQ4AR+Z/WUjSr"},"_color":{"__type__":"cc.Color","r":53,"g":53,"b":53},"_contentSize":{"__type__":"cc.Size","width":74,"height":405},"_trs":{"__type__":"TypedArray","ctor":"Float64Array","array":[-377,-29,0,0,0,0,1,1,1,1]}},{"__type__":"cc.Node","_name":"scrollBar","_parent":{"__id__":21},"_children":[{"__id__":23}],"_components":[{"__id__":25},{"__type__":"cc.Widget","node":{"__id__":22},"alignMode":0,"_alignFlags":37,"_left":350.07654921020657,"_originalHeight":237},{"__type__":"cc.Sprite","node":{"__id__":22},"_materials":[{"__uuid__":"ecpdLyjvZBwrvm+cedCcQy"}],"_type":1,"_sizeMode":0}],"_prefab":{"__type__":"cc.PrefabInfo","root":{"__id__":1},"asset":{"__uuid__":"8bUTwSxj1OH7+Tvy6gxJRY"},"fileId":"059d45+lZBP77Wk3McOXff"},"_contentSize":{"__type__":"cc.Size","height":405},"_anchorPoint":{"__type__":"cc.Vec2","x":1,"y":0.5},"_trs":{"__type__":"TypedArray","ctor":"Float64Array","array":[37,0,0,0,0,0,1,1,1,1]}},{"__type__":"cc.Node","_name":"bar","_parent":{"__id__":22},"_components":[{"__id__":24}],"_prefab":{"__type__":"cc.PrefabInfo","root":{"__id__":1},"asset":{"__uuid__":"8bUTwSxj1OH7+Tvy6gxJRY"},"fileId":"9fJJ06xMlPCamNcQ9U/E41"},"_contentSize":{"__type__":"cc.Size","width":10,"height":30},"_anchorPoint":{"__type__":"cc.Vec2","x":1},"_trs":{"__type__":"TypedArray","ctor":"Float64Array","array":[-1,0,0,0,0,0,1,1,1,1]}},{"__type__":"cc.Sprite","node":{"__id__":23},"_materials":[{"__uuid__":"ecpdLyjvZBwrvm+cedCcQy"}],"_type":1,"_sizeMode":0},{"__type__":"cc.Scrollbar","node":{"__id__":22},"_scrollView":{"__id__":26},"enableAutoHide":false,"_N$handle":{"__id__":24},"_N$direction":1},{"__type__":"cc.ScrollView","node":{"__id__":21},"horizontal":false,"brake":0.75,"bounceDuration":0.23,"_N$content":{"__id__":27},"content":{"__id__":27},"_N$horizontalScrollBar":null,"_N$verticalScrollBar":{"__id__":25}},{"__type__":"cc.Node","_name":"content","_parent":{"__id__":28},"_components":[{"__type__":"cc.Layout","node":{"__id__":27},"_layoutSize":{"__type__":"cc.Size","width":78},"_resize":1,"_N$layoutType":2,"_N$paddingTop":5,"_N$spacingY":5}],"_prefab":{"__type__":"cc.PrefabInfo","root":{"__id__":1},"asset":{"__uuid__":"8bUTwSxj1OH7+Tvy6gxJRY"},"fileId":"bdzkj/uJ5B4YA9Ma/PGh3V"},"_contentSize":{"__type__":"cc.Size","width":78},"_anchorPoint":{"__type__":"cc.Vec2","x":0.5,"y":1},"_trs":{"__type__":"TypedArray","ctor":"Float64Array","array":[0,194.708,0,0,0,0,1,1,1,1]}},{"__type__":"cc.Node","_name":"view","_parent":{"__id__":21},"_children":[{"__id__":27}],"_components":[{"__type__":"cc.Mask","node":{"__id__":28},"_materials":[{"__uuid__":"ecpdLyjvZBwrvm+cedCcQy"}],"_N$alphaThreshold":0}],"_prefab":{"__type__":"cc.PrefabInfo","root":{"__id__":1},"asset":{"__uuid__":"8bUTwSxj1OH7+Tvy6gxJRY"},"fileId":"59hfNTWUhIPqOAUzTdnFfr"},"_contentSize":{"__type__":"cc.Size","width":74,"height":405},"_trs":{"__type__":"TypedArray","ctor":"Float64Array","array":[-1,0,0,0,0,0,1,1,1,1]}},{"__type__":"cc.Node","_name":"label_wugong_list","_parent":{"__id__":1},"_children":[{"__id__":30},{"__id__":32}],"_prefab":{"__type__":"cc.PrefabInfo","root":{"__id__":1},"asset":{"__uuid__":"8bUTwSxj1OH7+Tvy6gxJRY"},"fileId":"a4oZbJHOVPT6GnaNsC6mF4"},"_color":{"__type__":"cc.Color","r":167,"g":167,"b":167},"_contentSize":{"__type__":"cc.Size","width":635,"height":76},"_trs":{"__type__":"TypedArray","ctor":"Float64Array","array":[421.818,-174.545,0,0,0,0,1,1,1,1]}},{"__type__":"cc.Node","_name":"wg","_parent":{"__id__":29},"_children":[{"__id__":31}],"_components":[{"__type__":"cc.Sprite","node":{"__id__":30},"_materials":[{"__uuid__":"ecpdLyjvZBwrvm+cedCcQy"}],"_spriteFrame":{"__uuid__":"09gQcumTlASZhgckAz5Z25"},"_type":1},{"__type__":"cc.Button","node":{"__id__":30},"_normalMaterial":{"__uuid__":"ecpdLyjvZBwrvm+cedCcQy"},"clickEvents":[null],"_N$transition":2,"transition":2,"_N$pressedColor":{"__type__":"cc.Color","r":255,"g":255,"b":255},"pressedColor":{"__type__":"cc.Color","r":255,"g":255,"b":255},"_N$disabledColor":{"__type__":"cc.Color","r":255,"g":255,"b":255},"_N$normalSprite":{"__uuid__":"09gQcumTlASZhgckAz5Z25"},"_N$target":{"__id__":30}},{"__type__":"3ccf8OmzbRD24WcSPqta64F","node":{"__id__":30}}],"_prefab":{"__type__":"cc.PrefabInfo","root":{"__id__":1},"asset":{"__uuid__":"8bUTwSxj1OH7+Tvy6gxJRY"},"fileId":"5cHBr2nzpO27rqwVBoP5qv"},"_contentSize":{"__type__":"cc.Size","width":66,"height":66},"_trs":{"__type__":"TypedArray","ctor":"Float64Array","array":[-270.314,0,0,0,0,0,1,1,1,1]}},{"__type__":"cc.Node","_name":"name","_parent":{"__id__":30},"_components":[{"__type__":"cc.Label","node":{"__id__":31},"_materials":[{"__uuid__":"ecpdLyjvZBwrvm+cedCcQy"}],"_useOriginalSize":false,"_string":"+","_N$string":"+","_fontSize":20,"_lineHeight":20,"_enableWrapText":false,"_N$horizontalAlign":1,"_N$verticalAlign":1,"_N$overflow":1}],"_prefab":{"__type__":"cc.PrefabInfo","root":{"__id__":1},"asset":{"__uuid__":"8bUTwSxj1OH7+Tvy6gxJRY"},"fileId":"4cw5YVdlxOzroJqoKdmGyA"},"_color":{"__type__":"cc.Color"},"_contentSize":{"__type__":"cc.Size","width":66,"height":66},"_trs":{"__type__":"TypedArray","ctor":"Float64Array","array":[0,0,0,0,0,0,1,1,1,1]}},{"__type__":"cc.Node","_name":"wg","_parent":{"__id__":29},"_children":[{"__id__":33}],"_components":[{"__type__":"cc.Sprite","node":{"__id__":32},"_materials":[{"__uuid__":"ecpdLyjvZBwrvm+cedCcQy"}],"_spriteFrame":{"__uuid__":"9fbUKVv2dGYYzSBMPN25IU"},"_type":1},{"__type__":"cc.Button","node":{"__id__":32},"_normalMaterial":{"__uuid__":"ecpdLyjvZBwrvm+cedCcQy"},"clickEvents":[null],"_N$transition":2,"transition":2,"_N$pressedColor":{"__type__":"cc.Color","r":255,"g":255,"b":255},"pressedColor":{"__type__":"cc.Color","r":255,"g":255,"b":255},"_N$disabledColor":{"__type__":"cc.Color","r":255,"g":255,"b":255},"_N$normalSprite":{"__uuid__":"9fbUKVv2dGYYzSBMPN25IU"},"_N$target":{"__id__":32}},{"__type__":"3ccf8OmzbRD24WcSPqta64F","node":{"__id__":32}}],"_prefab":{"__type__":"cc.PrefabInfo","root":{"__id__":1},"asset":{"__uuid__":"8bUTwSxj1OH7+Tvy6gxJRY"},"fileId":"d6KppzjuZLmJtAI+doeBu0"},"_contentSize":{"__type__":"cc.Size","width":66,"height":66},"_trs":{"__type__":"TypedArray","ctor":"Float64Array","array":[-137.36,0,0,0,0,0,1,1,1,1]}},{"__type__":"cc.Node","_name":"name","_parent":{"__id__":32},"_components":[{"__type__":"cc.Label","node":{"__id__":33},"_materials":[{"__uuid__":"ecpdLyjvZBwrvm+cedCcQy"}],"_useOriginalSize":false,"_string":"+","_N$string":"+","_fontSize":20,"_lineHeight":20,"_enableWrapText":false,"_N$horizontalAlign":1,"_N$verticalAlign":1,"_N$overflow":1}],"_prefab":{"__type__":"cc.PrefabInfo","root":{"__id__":1},"asset":{"__uuid__":"8bUTwSxj1OH7+Tvy6gxJRY"},"fileId":"aa82p9y7tC54FYBcCRPvSa"},"_color":{"__type__":"cc.Color"},"_contentSize":{"__type__":"cc.Size","width":66,"height":66},"_trs":{"__type__":"TypedArray","ctor":"Float64Array","array":[0,0,0,0,0,0,1,1,1,1]}},{"__type__":"cc.Node","_name":"laebel_zhuangbei","_parent":{"__id__":1},"_children":[{"__id__":35},{"__id__":39},{"__id__":43},{"__id__":47}],"_prefab":{"__type__":"cc.PrefabInfo","root":{"__id__":1},"asset":{"__uuid__":"8bUTwSxj1OH7+Tvy6gxJRY"},"fileId":"84s31eiepIOrBUAgSDSZFr"},"_contentSize":{"__type__":"cc.Size","width":623,"height":150},"_trs":{"__type__":"TypedArray","ctor":"Float64Array","array":[0,-282,0,0,0,0,1,1,1,1]}},{"__type__":"cc.Node","_name":"wuqi","_parent":{"__id__":34},"_children":[{"__id__":36}],"_prefab":{"__type__":"cc.PrefabInfo","root":{"__id__":1},"asset":{"__uuid__":"8bUTwSxj1OH7+Tvy6gxJRY"},"fileId":"4aPf54llVNrpr8feVnnDDB"},"_contentSize":{"__type__":"cc.Size","height":114},"_trs":{"__type__":"TypedArray","ctor":"Float64Array","array":[-234,340,0,0,0,0,1,1,1,1]}},{"__type__":"cc.Node","_name":"wg","_parent":{"__id__":35},"_children":[{"__id__":37},{"__id__":38}],"_components":[{"__type__":"cc.Sprite","node":{"__id__":36},"_materials":[{"__uuid__":"ecpdLyjvZBwrvm+cedCcQy"}],"_spriteFrame":{"__uuid__":"9fbUKVv2dGYYzSBMPN25IU"},"_type":1},{"__type__":"cc.Button","node":{"__id__":36},"_normalMaterial":{"__uuid__":"ecpdLyjvZBwrvm+cedCcQy"},"clickEvents":[null],"_N$transition":2,"transition":2,"_N$pressedColor":{"__type__":"cc.Color","r":255,"g":255,"b":255},"pressedColor":{"__type__":"cc.Color","r":255,"g":255,"b":255},"_N$disabledColor":{"__type__":"cc.Color","r":255,"g":255,"b":255},"_N$normalSprite":{"__uuid__":"9fbUKVv2dGYYzSBMPN25IU"},"_N$target":{"__id__":36}},{"__type__":"3ccf8OmzbRD24WcSPqta64F","node":{"__id__":36}}],"_prefab":{"__type__":"cc.PrefabInfo","root":{"__id__":1},"asset":{"__uuid__":"8bUTwSxj1OH7+Tvy6gxJRY"},"fileId":"f24Cmn/DVPjKQmWx+GHKad"},"_contentSize":{"__type__":"cc.Size","width":66,"height":66},"_trs":{"__type__":"TypedArray","ctor":"Float64Array","array":[0,0,0,0,0,0,1,1,1,1]}},{"__type__":"cc.Node","_name":"name","_parent":{"__id__":36},"_components":[{"__type__":"cc.Label","node":{"__id__":37},"_materials":[{"__uuid__":"ecpdLyjvZBwrvm+cedCcQy"}],"_useOriginalSize":false,"_string":"+","_N$string":"+","_fontSize":20,"_lineHeight":20,"_enableWrapText":false,"_N$horizontalAlign":1,"_N$verticalAlign":1,"_N$overflow":1}],"_prefab":{"__type__":"cc.PrefabInfo","root":{"__id__":1},"asset":{"__uuid__":"8bUTwSxj1OH7+Tvy6gxJRY"},"fileId":"a0UPoDbmpL8qXQcrkDRHGr"},"_color":{"__type__":"cc.Color"},"_contentSize":{"__type__":"cc.Size","width":66,"height":66},"_trs":{"__type__":"TypedArray","ctor":"Float64Array","array":[0,0,0,0,0,0,1,1,1,1]}},{"__type__":"cc.Node","_name":"item","_parent":{"__id__":36},"_components":[{"__type__":"cc.Sprite","node":{"__id__":38},"_materials":[{"__uuid__":"ecpdLyjvZBwrvm+cedCcQy"}],"_sizeMode":0}],"_prefab":{"__type__":"cc.PrefabInfo","root":{"__id__":1},"asset":{"__uuid__":"8bUTwSxj1OH7+Tvy6gxJRY"},"fileId":"ecZl57S4xEdLvXHYWbPxp2"},"_contentSize":{"__type__":"cc.Size","width":55,"height":55},"_trs":{"__type__":"TypedArray","ctor":"Float64Array","array":[0,0,0,0,0,0,1,1,1,1]}},{"__type__":"cc.Node","_name":"yifu","_parent":{"__id__":34},"_children":[{"__id__":40}],"_prefab":{"__type__":"cc.PrefabInfo","root":{"__id__":1},"asset":{"__uuid__":"8bUTwSxj1OH7+Tvy6gxJRY"},"fileId":"2cu9DscJ1JZo/uKd6P1lTx"},"_contentSize":{"__type__":"cc.Size","height":124.4},"_trs":{"__type__":"TypedArray","ctor":"Float64Array","array":[-36,335,0,0,0,0,1,1,1,1]}},{"__type__":"cc.Node","_name":"wg","_parent":{"__id__":39},"_children":[{"__id__":41},{"__id__":42}],"_components":[{"__type__":"cc.Sprite","node":{"__id__":40},"_materials":[{"__uuid__":"ecpdLyjvZBwrvm+cedCcQy"}],"_spriteFrame":{"__uuid__":"9fbUKVv2dGYYzSBMPN25IU"},"_type":1},{"__type__":"cc.Button","node":{"__id__":40},"_normalMaterial":{"__uuid__":"ecpdLyjvZBwrvm+cedCcQy"},"clickEvents":[null],"_N$transition":2,"transition":2,"_N$pressedColor":{"__type__":"cc.Color","r":255,"g":255,"b":255},"pressedColor":{"__type__":"cc.Color","r":255,"g":255,"b":255},"_N$disabledColor":{"__type__":"cc.Color","r":255,"g":255,"b":255},"_N$normalSprite":{"__uuid__":"9fbUKVv2dGYYzSBMPN25IU"},"_N$target":{"__id__":40}},{"__type__":"3ccf8OmzbRD24WcSPqta64F","node":{"__id__":40}}],"_prefab":{"__type__":"cc.PrefabInfo","root":{"__id__":1},"asset":{"__uuid__":"8bUTwSxj1OH7+Tvy6gxJRY"},"fileId":"55Ghs7/H1OA5dPXbGhj3Mj"},"_contentSize":{"__type__":"cc.Size","width":66,"height":66},"_trs":{"__type__":"TypedArray","ctor":"Float64Array","array":[0,0,0,0,0,0,1,1,1,1]}},{"__type__":"cc.Node","_name":"name","_parent":{"__id__":40},"_components":[{"__type__":"cc.Label","node":{"__id__":41},"_materials":[{"__uuid__":"ecpdLyjvZBwrvm+cedCcQy"}],"_useOriginalSize":false,"_string":"+","_N$string":"+","_fontSize":20,"_lineHeight":20,"_enableWrapText":false,"_N$horizontalAlign":1,"_N$verticalAlign":1,"_N$overflow":1}],"_prefab":{"__type__":"cc.PrefabInfo","root":{"__id__":1},"asset":{"__uuid__":"8bUTwSxj1OH7+Tvy6gxJRY"},"fileId":"4aULyqdXlKIafAYcRy7wjW"},"_color":{"__type__":"cc.Color"},"_contentSize":{"__type__":"cc.Size","width":66,"height":66},"_trs":{"__type__":"TypedArray","ctor":"Float64Array","array":[0,0,0,0,0,0,1,1,1,1]}},{"__type__":"cc.Node","_name":"item","_parent":{"__id__":40},"_components":[{"__type__":"cc.Sprite","node":{"__id__":42},"_materials":[{"__uuid__":"ecpdLyjvZBwrvm+cedCcQy"}],"_sizeMode":0}],"_prefab":{"__type__":"cc.PrefabInfo","root":{"__id__":1},"asset":{"__uuid__":"8bUTwSxj1OH7+Tvy6gxJRY"},"fileId":"90b6qFl4ZA96DIffkoH3m/"},"_contentSize":{"__type__":"cc.Size","width":55,"height":55},"_trs":{"__type__":"TypedArray","ctor":"Float64Array","array":[0,0,0,0,0,0,1,1,1,1]}},{"__type__":"cc.Node","_name":"xiezi","_parent":{"__id__":34},"_children":[{"__id__":44}],"_prefab":{"__type__":"cc.PrefabInfo","root":{"__id__":1},"asset":{"__uuid__":"8bUTwSxj1OH7+Tvy6gxJRY"},"fileId":"ceo5HZ01hORps8QkWOBv1/"},"_contentSize":{"__type__":"cc.Size","height":124.4},"_trs":{"__type__":"TypedArray","ctor":"Float64Array","array":[-36,135,0,0,0,0,1,1,1,1]}},{"__type__":"cc.Node","_name":"wg","_parent":{"__id__":43},"_children":[{"__id__":45},{"__id__":46}],"_components":[{"__type__":"cc.Sprite","node":{"__id__":44},"_materials":[{"__uuid__":"ecpdLyjvZBwrvm+cedCcQy"}],"_spriteFrame":{"__uuid__":"9fbUKVv2dGYYzSBMPN25IU"},"_type":1},{"__type__":"cc.Button","node":{"__id__":44},"_normalMaterial":{"__uuid__":"ecpdLyjvZBwrvm+cedCcQy"},"clickEvents":[null],"_N$transition":2,"transition":2,"_N$pressedColor":{"__type__":"cc.Color","r":255,"g":255,"b":255},"pressedColor":{"__type__":"cc.Color","r":255,"g":255,"b":255},"_N$disabledColor":{"__type__":"cc.Color","r":255,"g":255,"b":255},"_N$normalSprite":{"__uuid__":"9fbUKVv2dGYYzSBMPN25IU"},"_N$target":{"__id__":44}},{"__type__":"3ccf8OmzbRD24WcSPqta64F","node":{"__id__":44}}],"_prefab":{"__type__":"cc.PrefabInfo","root":{"__id__":1},"asset":{"__uuid__":"8bUTwSxj1OH7+Tvy6gxJRY"},"fileId":"bbLU0IKpJMAraS9SeOa2vu"},"_contentSize":{"__type__":"cc.Size","width":66,"height":66},"_trs":{"__type__":"TypedArray","ctor":"Float64Array","array":[0,0,0,0,0,0,1,1,1,1]}},{"__type__":"cc.Node","_name":"name","_parent":{"__id__":44},"_components":[{"__type__":"cc.Label","node":{"__id__":45},"_materials":[{"__uuid__":"ecpdLyjvZBwrvm+cedCcQy"}],"_useOriginalSize":false,"_string":"+","_N$string":"+","_fontSize":20,"_lineHeight":20,"_enableWrapText":false,"_N$horizontalAlign":1,"_N$verticalAlign":1,"_N$overflow":1}],"_prefab":{"__type__":"cc.PrefabInfo","root":{"__id__":1},"asset":{"__uuid__":"8bUTwSxj1OH7+Tvy6gxJRY"},"fileId":"334BFtlR5O4KSaV40GW0Rr"},"_color":{"__type__":"cc.Color"},"_contentSize":{"__type__":"cc.Size","width":66,"height":66},"_trs":{"__type__":"TypedArray","ctor":"Float64Array","array":[0,0,0,0,0,0,1,1,1,1]}},{"__type__":"cc.Node","_name":"item","_parent":{"__id__":44},"_components":[{"__type__":"cc.Sprite","node":{"__id__":46},"_materials":[{"__uuid__":"ecpdLyjvZBwrvm+cedCcQy"}],"_sizeMode":0}],"_prefab":{"__type__":"cc.PrefabInfo","root":{"__id__":1},"asset":{"__uuid__":"8bUTwSxj1OH7+Tvy6gxJRY"},"fileId":"71PtHiWnNAEbjaITGb9g2U"},"_contentSize":{"__type__":"cc.Size","width":55,"height":55},"_trs":{"__type__":"TypedArray","ctor":"Float64Array","array":[0,0,0,0,0,0,1,1,1,1]}},{"__type__":"cc.Node","_name":"yaodai","_parent":{"__id__":34},"_children":[{"__id__":48}],"_prefab":{"__type__":"cc.PrefabInfo","root":{"__id__":1},"asset":{"__uuid__":"8bUTwSxj1OH7+Tvy6gxJRY"},"fileId":"0eaWobN3ZPHK8mqfe5QK0U"},"_contentSize":{"__type__":"cc.Size","height":114},"_trs":{"__type__":"TypedArray","ctor":"Float64Array","array":[-234,135,0,0,0,0,1,1,1,1]}},{"__type__":"cc.Node","_name":"wg","_parent":{"__id__":47},"_children":[{"__id__":49},{"__id__":50}],"_components":[{"__type__":"cc.Sprite","node":{"__id__":48},"_materials":[{"__uuid__":"ecpdLyjvZBwrvm+cedCcQy"}],"_spriteFrame":{"__uuid__":"9fbUKVv2dGYYzSBMPN25IU"},"_type":1},{"__type__":"cc.Button","node":{"__id__":48},"_normalMaterial":{"__uuid__":"ecpdLyjvZBwrvm+cedCcQy"},"clickEvents":[null],"_N$transition":2,"transition":2,"_N$pressedColor":{"__type__":"cc.Color","r":255,"g":255,"b":255},"pressedColor":{"__type__":"cc.Color","r":255,"g":255,"b":255},"_N$disabledColor":{"__type__":"cc.Color","r":255,"g":255,"b":255},"_N$normalSprite":{"__uuid__":"9fbUKVv2dGYYzSBMPN25IU"},"_N$target":{"__id__":48}},{"__type__":"3ccf8OmzbRD24WcSPqta64F","node":{"__id__":48}}],"_prefab":{"__type__":"cc.PrefabInfo","root":{"__id__":1},"asset":{"__uuid__":"8bUTwSxj1OH7+Tvy6gxJRY"},"fileId":"8e3aEYnj1JObluP+31CDha"},"_contentSize":{"__type__":"cc.Size","width":66,"height":66},"_trs":{"__type__":"TypedArray","ctor":"Float64Array","array":[0,0,0,0,0,0,1,1,1,1]}},{"__type__":"cc.Node","_name":"name","_parent":{"__id__":48},"_components":[{"__type__":"cc.Label","node":{"__id__":49},"_materials":[{"__uuid__":"ecpdLyjvZBwrvm+cedCcQy"}],"_useOriginalSize":false,"_string":"+","_N$string":"+","_fontSize":20,"_lineHeight":20,"_enableWrapText":false,"_N$horizontalAlign":1,"_N$verticalAlign":1,"_N$overflow":1}],"_prefab":{"__type__":"cc.PrefabInfo","root":{"__id__":1},"asset":{"__uuid__":"8bUTwSxj1OH7+Tvy6gxJRY"},"fileId":"1euZSnZKtFhJSLLqpWb4jq"},"_color":{"__type__":"cc.Color"},"_contentSize":{"__type__":"cc.Size","width":66,"height":66},"_trs":{"__type__":"TypedArray","ctor":"Float64Array","array":[0,0,0,0,0,0,1,1,1,1]}},{"__type__":"cc.Node","_name":"item","_parent":{"__id__":48},"_components":[{"__type__":"cc.Sprite","node":{"__id__":50},"_materials":[{"__uuid__":"ecpdLyjvZBwrvm+cedCcQy"}],"_sizeMode":0}],"_prefab":{"__type__":"cc.PrefabInfo","root":{"__id__":1},"asset":{"__uuid__":"8bUTwSxj1OH7+Tvy6gxJRY"},"fileId":"51LYzUB7NF3avRLEp3ysoq"},"_contentSize":{"__type__":"cc.Size","width":55,"height":55},"_trs":{"__type__":"TypedArray","ctor":"Float64Array","array":[0,0,0,0,0,0,1,1,1,1]}},{"__type__":"cc.Node","_name":"New Button","_parent":{"__id__":1},"_children":[{"__id__":52}],"_components":[{"__type__":"cc.Button","node":{"__id__":51},"_normalMaterial":{"__uuid__":"ecpdLyjvZBwrvm+cedCcQy"},"clickEvents":[{"__type__":"cc.ClickEvent","target":{"__id__":1},"_componentId":"d5775Z/18tA5bql8+ltGvgM","handler":"btn_ok"}],"_N$transition":2,"transition":2,"_N$normalColor":{"__type__":"cc.Color","r":230,"g":230,"b":230},"_N$pressedColor":{"__type__":"cc.Color","r":200,"g":200,"b":200},"pressedColor":{"__type__":"cc.Color","r":200,"g":200,"b":200},"_N$disabledColor":{"__type__":"cc.Color","r":120,"g":120,"b":120,"a":200},"_N$target":{"__id__":52}}],"_prefab":{"__type__":"cc.PrefabInfo","root":{"__id__":1},"asset":{"__uuid__":"8bUTwSxj1OH7+Tvy6gxJRY"},"fileId":"ee0iz4TNNFlIFnlIr6/xz+"},"_contentSize":{"__type__":"cc.Size","width":100,"height":40},"_trs":{"__type__":"TypedArray","ctor":"Float64Array","array":[342.584,236.577,0,0,0,0,1,1,1,1]}},{"__type__":"cc.Node","_name":"Background","_parent":{"__id__":51},"_children":[{"__id__":53}],"_components":[{"__type__":"cc.Sprite","node":{"__id__":52},"_materials":[{"__uuid__":"ecpdLyjvZBwrvm+cedCcQy"}],"_type":1,"_sizeMode":0},{"__type__":"cc.Widget","node":{"__id__":52},"alignMode":0,"_alignFlags":45,"_originalWidth":100,"_originalHeight":40}],"_prefab":{"__type__":"cc.PrefabInfo","root":{"__id__":1},"asset":{"__uuid__":"8bUTwSxj1OH7+Tvy6gxJRY"},"fileId":"85d3bVPZJF7JmuUcKRmo/Y"},"_contentSize":{"__type__":"cc.Size","width":100,"height":40},"_trs":{"__type__":"TypedArray","ctor":"Float64Array","array":[0,0,0,0,0,0,1,1,1,1]}},{"__type__":"cc.Node","_name":"Label","_parent":{"__id__":52},"_components":[{"__type__":"cc.Label","node":{"__id__":53},"_materials":[{"__uuid__":"ecpdLyjvZBwrvm+cedCcQy"}],"_useOriginalSize":false,"_string":"确定","_N$string":"确定","_fontSize":20,"_enableWrapText":false,"_N$horizontalAlign":1,"_N$verticalAlign":1,"_N$overflow":1}],"_prefab":{"__type__":"cc.PrefabInfo","root":{"__id__":1},"asset":{"__uuid__":"8bUTwSxj1OH7+Tvy6gxJRY"},"fileId":"80QNgc+oZE3KqlJXcxiUKE"},"_color":{"__type__":"cc.Color"},"_contentSize":{"__type__":"cc.Size","width":100,"height":40},"_trs":{"__type__":"TypedArray","ctor":"Float64Array","array":[0,0,0,0,0,0,1,1,1,1]}}]