[{"__type__":"cc.Prefab","_name":"beibao","data":{"__id__":1}},{"__type__":"cc.Node","_name":"beibao","_children":[{"__id__":2},{"__id__":3},{"__id__":11}],"_components":[{"__type__":"b8248xoXMBPxrJvYqvI7e1v","node":{"__id__":1},"Ntitle":{"__uuid__":"58D6x0sOlPuLDZYQ71ZfOA"},"Nname":{"__uuid__":"ec3qdGVDhLj6nswUjU6C7/"},"list":{"__uuid__":"31a00gviZEi7CDDabBLo52"}}],"_prefab":{"__type__":"cc.PrefabInfo","root":{"__id__":1},"asset":{"__uuid__":"47De4V3l1NTK7mnwwpxmS7"},"fileId":"50Of3FCtdFTKYAdPo8oJUS"},"_contentSize":{"__type__":"cc.Size","width":471,"height":292},"_anchorPoint":{"__type__":"cc.Vec2","x":0.5934182590233545,"y":0.42465753424657504},"_trs":{"__type__":"TypedArray","ctor":"Float64Array","array":[2604,114,0,0,0,0,1,1,1,1]}},{"__type__":"cc.Node","_name":"tab","_parent":{"__id__":1},"_components":[{"__type__":"cc.Layout","node":{"__id__":2},"_layoutSize":{"__type__":"cc.Size","width":60,"height":50},"_resize":1,"_N$layoutType":1,"_N$paddingLeft":10,"_N$spacingX":20},{"__type__":"cc.Widget","node":{"__id__":2},"alignMode":0,"_alignFlags":9,"_right":234.415,"_originalWidth":71.17}],"_prefab":{"__type__":"cc.PrefabInfo","root":{"__id__":1},"asset":{"__uuid__":"47De4V3l1NTK7mnwwpxmS7"},"fileId":"d3U2v3cqNBa68bwshjCI5m"},"_contentSize":{"__type__":"cc.Size","width":60,"height":50},"_anchorPoint":{"__type__":"cc.Vec2"},"_trs":{"__type__":"TypedArray","ctor":"Float64Array","array":[-279.5,118.00000000000009,0,0,0,0,1,1,1,1]}},{"__type__":"cc.Node","_name":"name","_parent":{"__id__":1},"_children":[{"__id__":4},{"__id__":10}],"_components":[{"__type__":"cc.Sprite","node":{"__id__":3},"_materials":[{"__uuid__":"ecpdLyjvZBwrvm+cedCcQy"}],"_spriteFrame":{"__uuid__":"08azvKG3BBKqxVo0nW6clQ"},"_type":1,"_sizeMode":0},{"__id__":8},{"__type__":"cc.Widget","node":{"__id__":3},"alignMode":0,"_alignFlags":13,"_top":50,"_originalHeight":150}],"_prefab":{"__type__":"cc.PrefabInfo","root":{"__id__":1},"asset":{"__uuid__":"47De4V3l1NTK7mnwwpxmS7"},"fileId":"5cIcfhd6RFMpHOfVhsNM6t"},"_contentSize":{"__type__":"cc.Size","width":100,"height":242},"_trs":{"__type__":"TypedArray","ctor":"Float64Array","array":[-229.5,-2.9999999999999147,0,0,0,0,1,1,1,1]}},{"__type__":"cc.Node","_name":"scrollBar","_parent":{"__id__":3},"_children":[{"__id__":5}],"_components":[{"__id__":7},{"__type__":"cc.Widget","node":{"__id__":4},"alignMode":0,"_alignFlags":37,"_left":350.07654921020657,"_originalHeight":237},{"__type__":"cc.Sprite","node":{"__id__":4},"_type":1,"_sizeMode":0}],"_prefab":{"__type__":"cc.PrefabInfo","root":{"__id__":1},"asset":{"__uuid__":"47De4V3l1NTK7mnwwpxmS7"},"fileId":"ad60PpeU1I7InNv6OxftK1"},"_color":{"__type__":"cc.Color","r":238,"g":217,"b":227},"_contentSize":{"__type__":"cc.Size","width":12,"height":242},"_anchorPoint":{"__type__":"cc.Vec2","x":1,"y":0.5},"_trs":{"__type__":"TypedArray","ctor":"Float64Array","array":[50,0,0,0,0,0,1,1,1,1]}},{"__type__":"cc.Node","_name":"bar","_parent":{"__id__":4},"_components":[{"__id__":6}],"_prefab":{"__type__":"cc.PrefabInfo","root":{"__id__":1},"asset":{"__uuid__":"47De4V3l1NTK7mnwwpxmS7"},"fileId":"ffoAi5u91Ls6KiilsE8jpI"},"_color":{"__type__":"cc.Color","r":236,"g":241,"b":245},"_contentSize":{"__type__":"cc.Size","width":10,"height":30},"_anchorPoint":{"__type__":"cc.Vec2","x":1},"_trs":{"__type__":"TypedArray","ctor":"Float64Array","array":[-1,0,0,0,0,0,1,1,1,1]}},{"__type__":"cc.Sprite","node":{"__id__":5},"_type":1,"_sizeMode":0},{"__type__":"cc.Scrollbar","node":{"__id__":4},"_scrollView":{"__id__":8},"_N$handle":{"__id__":6},"_N$direction":1},{"__type__":"cc.ScrollView","node":{"__id__":3},"horizontal":false,"brake":0.75,"bounceDuration":0.23,"_N$content":{"__id__":9},"content":{"__id__":9},"_N$horizontalScrollBar":null,"_N$verticalScrollBar":{"__id__":7}},{"__type__":"cc.Node","_name":"content","_parent":{"__id__":10},"_components":[{"__type__":"cc.Widget","node":{"__id__":9},"alignMode":0,"_alignFlags":41,"_bottom":-158,"_originalWidth":220,"_originalHeight":400},{"__type__":"cc.Layout","node":{"__id__":9},"_layoutSize":{"__type__":"cc.Size","width":100,"height":35},"_resize":1,"_N$layoutType":2,"_N$paddingTop":10,"_N$spacingY":3}],"_prefab":{"__type__":"cc.PrefabInfo","root":{"__id__":1},"asset":{"__uuid__":"47De4V3l1NTK7mnwwpxmS7"},"fileId":"34uTPZ91xNIaRpvh16oRhd"},"_contentSize":{"__type__":"cc.Size","width":100,"height":35},"_anchorPoint":{"__type__":"cc.Vec2","x":0.5,"y":1},"_trs":{"__type__":"TypedArray","ctor":"Float64Array","array":[0,121,0,0,0,0,1,1,1,1]}},{"__type__":"cc.Node","_name":"view","_parent":{"__id__":3},"_children":[{"__id__":9}],"_components":[{"__type__":"cc.Mask","node":{"__id__":10},"_materials":[{"__uuid__":"ecpdLyjvZBwrvm+cedCcQy"}],"_N$alphaThreshold":1},{"__type__":"cc.Widget","node":{"__id__":10},"alignMode":0,"_alignFlags":45,"_originalWidth":240,"_originalHeight":250}],"_prefab":{"__type__":"cc.PrefabInfo","root":{"__id__":1},"asset":{"__uuid__":"47De4V3l1NTK7mnwwpxmS7"},"fileId":"447rv1YiFEypUIabOhj/e9"},"_contentSize":{"__type__":"cc.Size","width":100,"height":242},"_trs":{"__type__":"TypedArray","ctor":"Float64Array","array":[0,0,0,0,0,0,1,1,1,1]}},{"__type__":"cc.Node","_name":"shuoming","_parent":{"__id__":1},"_children":[{"__id__":12},{"__id__":13},{"__id__":14},{"__id__":17},{"__id__":19}],"_components":[{"__type__":"cc.Widget","node":{"__id__":11},"alignMode":0,"_alignFlags":45,"_left":100.00000000000014,"_right":-1.4210854715202004e-13,"_top":50.000000000000085,"_bottom":-8.526512829121202e-14,"_originalWidth":200,"_originalHeight":150},{"__type__":"cc.Sprite","node":{"__id__":11},"_materials":[{"__uuid__":"ecpdLyjvZBwrvm+cedCcQy"}],"_spriteFrame":{"__uuid__":"08azvKG3BBKqxVo0nW6clQ"},"_sizeMode":0}],"_prefab":{"__type__":"cc.PrefabInfo","root":{"__id__":1},"asset":{"__uuid__":"47De4V3l1NTK7mnwwpxmS7"},"fileId":"9fY1eIAbpDNq3ujZIwLYj4"},"_contentSize":{"__type__":"cc.Size","width":371,"height":242},"_anchorPoint":{"__type__":"cc.Vec2","x":0.4973045822102422,"y":0.4834710743801653},"_trs":{"__type__":"TypedArray","ctor":"Float64Array","array":[5,-7,0,0,0,0,1,1,1,1]}},{"__type__":"cc.Node","_name":"title","_parent":{"__id__":11},"_components":[{"__type__":"cc.Label","node":{"__id__":12},"_materials":[{"__uuid__":"ecpdLyjvZBwrvm+cedCcQy"}],"_useOriginalSize":false,"_string":"名称:","_N$string":"名称:","_fontSize":20,"_enableWrapText":false,"_N$verticalAlign":1,"_N$overflow":2},{"__type__":"cc.Widget","node":{"__id__":12},"alignMode":0,"_alignFlags":9,"_left":18.999999999999858,"_top":2.5,"_bottom":202}],"_prefab":{"__type__":"cc.PrefabInfo","root":{"__id__":1},"asset":{"__uuid__":"47De4V3l1NTK7mnwwpxmS7"},"fileId":"a5IyDic2RM54/pJ8Y9/Xa8"},"_color":{"__type__":"cc.Color"},"_contentSize":{"__type__":"cc.Size","width":141,"height":33},"_trs":{"__type__":"TypedArray","ctor":"Float64Array","array":[-95,106,0,0,0,0,1,1,1,1]}},{"__type__":"cc.Node","_name":"num","_parent":{"__id__":11},"_components":[{"__type__":"cc.Label","node":{"__id__":13},"_materials":[{"__uuid__":"ecpdLyjvZBwrvm+cedCcQy"}],"_useOriginalSize":false,"_string":"数量:","_N$string":"数量:","_fontSize":15,"_lineHeight":15,"_enableWrapText":false,"_N$verticalAlign":1,"_N$overflow":2},{"__type__":"cc.Widget","node":{"__id__":13},"alignMode":0,"_alignFlags":33,"_right":19.500000000000142,"_top":14.5}],"_prefab":{"__type__":"cc.PrefabInfo","root":{"__id__":1},"asset":{"__uuid__":"47De4V3l1NTK7mnwwpxmS7"},"fileId":"f1Hbr3YaFFWY31itRMd6Sg"},"_color":{"__type__":"cc.Color"},"_contentSize":{"__type__":"cc.Size","width":60,"height":15},"_trs":{"__type__":"TypedArray","ctor":"Float64Array","array":[137,103,0,0,0,0,1,1,1,1]}},{"__type__":"cc.Node","_name":"body","_parent":{"__id__":11},"_children":[{"__id__":15},{"__id__":16}],"_components":[{"__type__":"cc.Sprite","node":{"__id__":14},"_materials":[{"__uuid__":"ecpdLyjvZBwrvm+cedCcQy"}],"_spriteFrame":{"__uuid__":"a2MjXRFdtLlYQ5ouAFv/+R"},"_sizeMode":0},{"__type__":"cc.Widget","node":{"__id__":14},"alignMode":0,"_alignFlags":44,"_left":9.999999999999858,"_right":20.00000000000017,"_bottom":43.5,"_originalWidth":319}],"_prefab":{"__type__":"cc.PrefabInfo","root":{"__id__":1},"asset":{"__uuid__":"47De4V3l1NTK7mnwwpxmS7"},"fileId":"fck+pLCoBBR49jPRXlBXHY"},"_contentSize":{"__type__":"cc.Size","width":341,"height":161},"_trs":{"__type__":"TypedArray","ctor":"Float64Array","array":[-4,7,0,0,0,0,1,1,1,1]}},{"__type__":"cc.Node","_name":"label","_parent":{"__id__":14},"_components":[{"__type__":"cc.Label","node":{"__id__":15},"_materials":[{"__uuid__":"ecpdLyjvZBwrvm+cedCcQy"}],"_useOriginalSize":false,"_string":"简介:","_N$string":"简介:","_fontSize":20,"_lineHeight":20,"_N$verticalAlign":1},{"__type__":"cc.Widget","node":{"__id__":15},"alignMode":0,"_alignFlags":9,"_left":20,"_right":20,"_top":20,"_bottom":20,"_originalWidth":45.56,"_originalHeight":40}],"_prefab":{"__type__":"cc.PrefabInfo","root":{"__id__":1},"asset":{"__uuid__":"47De4V3l1NTK7mnwwpxmS7"},"fileId":"55+zPbA3xPTa+sHrrJ8OW7"},"_color":{"__type__":"cc.Color"},"_contentSize":{"__type__":"cc.Size","width":45.56,"height":25.2},"_trs":{"__type__":"TypedArray","ctor":"Float64Array","array":[-127.72,47.9,0,0,0,0,1,1,1,1]}},{"__type__":"cc.Node","_name":"details","_parent":{"__id__":14},"_components":[{"__type__":"cc.Label","node":{"__id__":16},"_materials":[{"__uuid__":"ecpdLyjvZBwrvm+cedCcQy"}],"_useOriginalSize":false,"_fontSize":15,"_lineHeight":15,"_N$overflow":2},{"__type__":"cc.Widget","node":{"__id__":16},"alignMode":0,"_alignFlags":45,"_left":76.69999999999995,"_right":12.299999999999926,"_top":46.5,"_bottom":12.5,"_originalWidth":72,"_originalHeight":120}],"_prefab":{"__type__":"cc.PrefabInfo","root":{"__id__":1},"asset":{"__uuid__":"47De4V3l1NTK7mnwwpxmS7"},"fileId":"2fTwK0oflC1qSrxoA7NMEL"},"_color":{"__type__":"cc.Color"},"_contentSize":{"__type__":"cc.Size","width":252.0000000000001,"height":102},"_anchorPoint":{"__type__":"cc.Vec2","x":0.4714285714285714,"y":0.5},"_trs":{"__type__":"TypedArray","ctor":"Float64Array","array":[25,-17,0,0,0,0,1,1,1,1]}},{"__type__":"cc.Node","_name":"shiyong","_parent":{"__id__":11},"_children":[{"__id__":18}],"_components":[{"__type__":"cc.Sprite","node":{"__id__":17},"_materials":[{"__uuid__":"ecpdLyjvZBwrvm+cedCcQy"}],"_spriteFrame":{"__uuid__":"f0BIwQ8D5Ml7nTNQbh1YlS"},"_type":1,"_sizeMode":0},{"__type__":"cc.Button","node":{"__id__":17},"clickEvents":[{"__type__":"cc.ClickEvent","target":{"__id__":1},"_componentId":"b8248xoXMBPxrJvYqvI7e1v","handler":"createListWindow"}],"_N$transition":2,"transition":2,"_N$pressedColor":{"__type__":"cc.Color","r":255,"g":255,"b":255},"pressedColor":{"__type__":"cc.Color","r":255,"g":255,"b":255},"_N$disabledColor":{"__type__":"cc.Color","r":255,"g":255,"b":255},"_N$normalSprite":{"__uuid__":"f0BIwQ8D5Ml7nTNQbh1YlS"},"_N$pressedSprite":{"__uuid__":"e97GVMl6JHh5Ml5qEDdSGa"},"pressedSprite":{"__uuid__":"e97GVMl6JHh5Ml5qEDdSGa"},"_N$hoverSprite":{"__uuid__":"e97GVMl6JHh5Ml5qEDdSGa"},"hoverSprite":{"__uuid__":"e97GVMl6JHh5Ml5qEDdSGa"},"_N$disabledSprite":{"__uuid__":"29FYIk+N1GYaeWH/q1NxQO"},"_N$target":{"__id__":17}}],"_prefab":{"__type__":"cc.PrefabInfo","root":{"__id__":1},"asset":{"__uuid__":"47De4V3l1NTK7mnwwpxmS7"},"fileId":"80aiGghOFFHoRLViIC9rFa"},"_contentSize":{"__type__":"cc.Size","width":61,"height":26},"_trs":{"__type__":"TypedArray","ctor":"Float64Array","array":[-111,-97,0,0,0,0,1,1,1,1]}},{"__type__":"cc.Node","_name":"Label","_parent":{"__id__":17},"_components":[{"__type__":"cc.Label","node":{"__id__":18},"_materials":[{"__uuid__":"ecpdLyjvZBwrvm+cedCcQy"}],"_useOriginalSize":false,"_string":"使用","_N$string":"使用","_fontSize":15,"_lineHeight":15,"_enableWrapText":false,"_N$horizontalAlign":1,"_N$verticalAlign":1,"_N$overflow":1},{"__type__":"cc.Widget","node":{"__id__":18},"alignMode":0,"_alignFlags":45,"_originalWidth":100,"_originalHeight":40}],"_prefab":{"__type__":"cc.PrefabInfo","root":{"__id__":1},"asset":{"__uuid__":"47De4V3l1NTK7mnwwpxmS7"},"fileId":"bbm2v5Zi5CPoCp930t23+Z"},"_color":{"__type__":"cc.Color"},"_contentSize":{"__type__":"cc.Size","width":61,"height":26},"_trs":{"__type__":"TypedArray","ctor":"Float64Array","array":[0,0,0,0,0,0,1,1,1,1]}},{"__type__":"cc.Node","_name":"chushou","_parent":{"__id__":11},"_children":[{"__id__":20}],"_components":[{"__type__":"cc.Sprite","node":{"__id__":19},"_materials":[{"__uuid__":"ecpdLyjvZBwrvm+cedCcQy"}],"_spriteFrame":{"__uuid__":"f0BIwQ8D5Ml7nTNQbh1YlS"},"_type":1,"_sizeMode":0},{"__type__":"cc.Button","node":{"__id__":19},"_N$transition":2,"transition":2,"_N$pressedColor":{"__type__":"cc.Color","r":255,"g":255,"b":255},"pressedColor":{"__type__":"cc.Color","r":255,"g":255,"b":255},"_N$disabledColor":{"__type__":"cc.Color","r":255,"g":255,"b":255},"_N$normalSprite":{"__uuid__":"f0BIwQ8D5Ml7nTNQbh1YlS"},"_N$pressedSprite":{"__uuid__":"e97GVMl6JHh5Ml5qEDdSGa"},"pressedSprite":{"__uuid__":"e97GVMl6JHh5Ml5qEDdSGa"},"_N$hoverSprite":{"__uuid__":"e97GVMl6JHh5Ml5qEDdSGa"},"hoverSprite":{"__uuid__":"e97GVMl6JHh5Ml5qEDdSGa"},"_N$disabledSprite":{"__uuid__":"29FYIk+N1GYaeWH/q1NxQO"},"_N$target":{"__id__":19}}],"_prefab":{"__type__":"cc.PrefabInfo","root":{"__id__":1},"asset":{"__uuid__":"47De4V3l1NTK7mnwwpxmS7"},"fileId":"f3Ve6HZWNJ/ZUEUlNtpXg0"},"_contentSize":{"__type__":"cc.Size","width":61,"height":26},"_trs":{"__type__":"TypedArray","ctor":"Float64Array","array":[115,-97,0,0,0,0,1,1,1,1]}},{"__type__":"cc.Node","_name":"Label","_parent":{"__id__":19},"_components":[{"__type__":"cc.Label","node":{"__id__":20},"_materials":[{"__uuid__":"ecpdLyjvZBwrvm+cedCcQy"}],"_useOriginalSize":false,"_string":"出售","_N$string":"出售","_fontSize":15,"_lineHeight":15,"_enableWrapText":false,"_N$horizontalAlign":1,"_N$verticalAlign":1,"_N$overflow":1},{"__type__":"cc.Widget","node":{"__id__":20},"alignMode":0,"_alignFlags":45,"_originalWidth":100,"_originalHeight":40}],"_prefab":{"__type__":"cc.PrefabInfo","root":{"__id__":1},"asset":{"__uuid__":"47De4V3l1NTK7mnwwpxmS7"},"fileId":"c5a756BS9C24ohFF82EGHi"},"_color":{"__type__":"cc.Color"},"_contentSize":{"__type__":"cc.Size","width":61,"height":26},"_trs":{"__type__":"TypedArray","ctor":"Float64Array","array":[0,0,0,0,0,0,1,1,1,1]}}]