[{"__type__":"cc.Prefab","_name":"end","data":{"__id__":1}},{"__type__":"cc.Node","_name":"end","_children":[{"__id__":2},{"__id__":3},{"__id__":4},{"__id__":5},{"__id__":6},{"__id__":7},{"__id__":8}],"_components":[{"__type__":"cc.Sprite","node":{"__id__":1},"_materials":[{"__uuid__":"ecpdLyjvZBwrvm+cedCcQy"}],"_spriteFrame":{"__uuid__":"53czmert1Jgp2GCXinN6Hv"},"_sizeMode":0},{"__type__":"c391dLdt/RLp6ys0rNhtNfT","node":{"__id__":1},"drop":{"__uuid__":"52tbp3fZVCUJWSvy0c7L2C"}}],"_prefab":{"__type__":"cc.PrefabInfo","root":{"__id__":1},"asset":{"__uuid__":"037ioOFptD0pOdayf54Sbi"},"fileId":"330JzltONPWp4KinWf/cCC"},"_color":{"__type__":"cc.Color","r":189,"g":181,"b":181},"_contentSize":{"__type__":"cc.Size","width":515,"height":456},"_trs":{"__type__":"TypedArray","ctor":"Float64Array","array":[-91,6,0,0,0,0,1,1,1,1]}},{"__type__":"cc.Node","_name":"rs_button","_parent":{"__id__":1},"_components":[{"__type__":"cc.Sprite","node":{"__id__":2},"_materials":[{"__uuid__":"ecpdLyjvZBwrvm+cedCcQy"}],"_spriteFrame":{"__uuid__":"63d2v+4o9FtKelFTRQ/Vhc"},"_type":1,"_sizeMode":0},{"__type__":"cc.Button","node":{"__id__":2},"clickEvents":[{"__type__":"cc.ClickEvent","target":{"__id__":1},"_componentId":"c391dLdt/RLp6ys0rNhtNfT","handler":"btnClick1"}],"_N$transition":2,"transition":2,"_N$pressedColor":{"__type__":"cc.Color","r":255,"g":255,"b":255},"pressedColor":{"__type__":"cc.Color","r":255,"g":255,"b":255},"_N$disabledColor":{"__type__":"cc.Color","r":255,"g":255,"b":255},"_N$normalSprite":{"__uuid__":"63d2v+4o9FtKelFTRQ/Vhc"},"_N$pressedSprite":{"__uuid__":"e3BlWCGLZHsb7SgDZQf24B"},"pressedSprite":{"__uuid__":"e3BlWCGLZHsb7SgDZQf24B"},"_N$hoverSprite":{"__uuid__":"63d2v+4o9FtKelFTRQ/Vhc"},"hoverSprite":{"__uuid__":"63d2v+4o9FtKelFTRQ/Vhc"},"_N$target":{"__id__":2}}],"_prefab":{"__type__":"cc.PrefabInfo","root":{"__id__":1},"asset":{"__uuid__":"037ioOFptD0pOdayf54Sbi"},"fileId":"a3/rIiUgdNNo0S/HuyhBgG"},"_contentSize":{"__type__":"cc.Size","width":100,"height":40},"_trs":{"__type__":"TypedArray","ctor":"Float64Array","array":[-7,-182,0,0,0,0,1,1,1,1]}},{"__type__":"cc.Node","_name":"slice03_03","_parent":{"__id__":1},"_components":[{"__type__":"cc.Sprite","node":{"__id__":3},"_materials":[{"__uuid__":"ecpdLyjvZBwrvm+cedCcQy"}],"_spriteFrame":{"__uuid__":"cf04ROGMFJq5EC6iDZ+g3s"}}],"_prefab":{"__type__":"cc.PrefabInfo","root":{"__id__":1},"asset":{"__uuid__":"037ioOFptD0pOdayf54Sbi"},"fileId":"6dxSIExk1GQ6LuxBAaB4DN"},"_contentSize":{"__type__":"cc.Size","width":44,"height":54},"_trs":{"__type__":"TypedArray","ctor":"Float64Array","array":[61.540000915527344,35.9109992980957,0,0,0,0,1,1,1,1]}},{"__type__":"cc.Node","_name":"slice03_03","_parent":{"__id__":1},"_components":[{"__type__":"cc.Sprite","node":{"__id__":4},"_materials":[{"__uuid__":"ecpdLyjvZBwrvm+cedCcQy"}],"_spriteFrame":{"__uuid__":"cf04ROGMFJq5EC6iDZ+g3s"}}],"_prefab":{"__type__":"cc.PrefabInfo","root":{"__id__":1},"asset":{"__uuid__":"037ioOFptD0pOdayf54Sbi"},"fileId":"7fFKl2zMFJ350KEckh11es"},"_contentSize":{"__type__":"cc.Size","width":44,"height":54},"_trs":{"__type__":"TypedArray","ctor":"Float64Array","array":[-8.460000038146973,34.9109992980957,0,0,0,0,1,1,1,1]}},{"__type__":"cc.Node","_name":"slice02_02","_parent":{"__id__":1},"_components":[{"__type__":"cc.Sprite","node":{"__id__":5},"_materials":[{"__uuid__":"ecpdLyjvZBwrvm+cedCcQy"}],"_spriteFrame":{"__uuid__":"8bbI4GvN1ApoGYlwWQoA6V"}}],"_prefab":{"__type__":"cc.PrefabInfo","root":{"__id__":1},"asset":{"__uuid__":"037ioOFptD0pOdayf54Sbi"},"fileId":"06IRrwzJdIK4zap+ncN8Dh"},"_contentSize":{"__type__":"cc.Size","width":55,"height":30},"_trs":{"__type__":"TypedArray","ctor":"Float64Array","array":[-181.1230010986328,-30.24799919128418,0,0,0,0,1,1,1,1]}},{"__type__":"cc.Node","_name":"slice03_03","_parent":{"__id__":1},"_components":[{"__type__":"cc.Sprite","node":{"__id__":6},"_materials":[{"__uuid__":"ecpdLyjvZBwrvm+cedCcQy"}],"_spriteFrame":{"__uuid__":"cf04ROGMFJq5EC6iDZ+g3s"}}],"_prefab":{"__type__":"cc.PrefabInfo","root":{"__id__":1},"asset":{"__uuid__":"037ioOFptD0pOdayf54Sbi"},"fileId":"1asfMLhHNEpITuVtiN/6cx"},"_contentSize":{"__type__":"cc.Size","width":44,"height":54},"_trs":{"__type__":"TypedArray","ctor":"Float64Array","array":[-81.45999908447266,36.9109992980957,0,0,0,0,1,1,1,1]}},{"__type__":"cc.Node","_name":"slice15_15","_parent":{"__id__":1},"_components":[{"__type__":"cc.Sprite","node":{"__id__":7},"_materials":[{"__uuid__":"ecpdLyjvZBwrvm+cedCcQy"}],"_spriteFrame":{"__uuid__":"369+PJBeRHybwVcKffworg"}}],"_prefab":{"__type__":"cc.PrefabInfo","root":{"__id__":1},"asset":{"__uuid__":"037ioOFptD0pOdayf54Sbi"},"fileId":"b4qdAoXJZE74ZmlOd+4ThX"},"_contentSize":{"__type__":"cc.Size","width":197,"height":118},"_trs":{"__type__":"TypedArray","ctor":"Float64Array","array":[-8,127,0,0,0,0,1,1,1,1]}},{"__type__":"cc.Node","_name":"items","_parent":{"__id__":1},"_components":[{"__type__":"cc.Layout","node":{"__id__":8},"_layoutSize":{"__type__":"cc.Size","width":333,"height":25},"_N$layoutType":3,"_N$spacingX":10,"_N$spacingY":5}],"_prefab":{"__type__":"cc.PrefabInfo","root":{"__id__":1},"asset":{"__uuid__":"037ioOFptD0pOdayf54Sbi"},"fileId":"f5a8RTspxOS6nleS5t8oKW"},"_contentSize":{"__type__":"cc.Size","width":333,"height":25},"_trs":{"__type__":"TypedArray","ctor":"Float64Array","array":[0,-66,0,0,0,0,1,1.1039999723434448,1,1]}}]