[{"__type__":"cc.Prefab","_name":"enemy","data":{"__id__":1}},{"__type__":"cc.Node","_name":"enemy","_children":[{"__id__":2},{"__id__":8},{"__id__":10}],"_components":[{"__type__":"cc.Sprite","node":{"__id__":1},"_materials":[{"__uuid__":"ecpdLyjvZBwrvm+cedCcQy"}],"_spriteFrame":{"__uuid__":"2eDEtNWTBC8KDewnrnkH+2"}},{"__type__":"14178zfItdOSaWlN8qtcme2","node":{"__id__":1},"HP":{"__id__":9},"State":{"__id__":10},"HP_Pro":{"__id__":7},"Name":{"__id__":6}}],"_prefab":{"__type__":"cc.PrefabInfo","root":{"__id__":1},"asset":{"__uuid__":"67TUtgRUBEyIUiCal1IfA6"},"fileId":"dbyVYaKh5AwqtLi4qs/+5t"},"_contentSize":{"__type__":"cc.Size","width":42,"height":74},"_trs":{"__type__":"TypedArray","ctor":"Float64Array","array":[240,50,0,0,0,0,1,1,1,1]}},{"__type__":"cc.Node","_name":"hpbg","_parent":{"__id__":1},"_children":[{"__id__":3},{"__id__":5}],"_components":[{"__type__":"cc.Sprite","node":{"__id__":2},"_materials":[{"__uuid__":"ecpdLyjvZBwrvm+cedCcQy"}],"_spriteFrame":{"__uuid__":"e2d9HEhiFDeK3jGP6mJ9zE"},"_sizeMode":0},{"__id__":7}],"_prefab":{"__type__":"cc.PrefabInfo","root":{"__id__":1},"asset":{"__uuid__":"67TUtgRUBEyIUiCal1IfA6"},"fileId":"bdiyhiDvZJNrpNeBXSwbqB"},"_contentSize":{"__type__":"cc.Size","width":60.9,"height":10.6},"_trs":{"__type__":"TypedArray","ctor":"Float64Array","array":[-4,62,0,0,0,0,1,1,1,1]}},{"__type__":"cc.Node","_name":"hp2","_parent":{"__id__":2},"_components":[{"__id__":4}],"_prefab":{"__type__":"cc.PrefabInfo","root":{"__id__":1},"asset":{"__uuid__":"67TUtgRUBEyIUiCal1IfA6"},"fileId":"35sNHZGWtC8K0/6IK0OTLi"},"_contentSize":{"__type__":"cc.Size","width":55,"height":3.9},"_anchorPoint":{"__type__":"cc.Vec2","y":0.5},"_trs":{"__type__":"TypedArray","ctor":"Float64Array","array":[-27.5,-0.009999999776482582,0,0,0,0,1,1,1,1]}},{"__type__":"cc.Sprite","node":{"__id__":3},"_materials":[{"__uuid__":"ecpdLyjvZBwrvm+cedCcQy"}],"_spriteFrame":{"__uuid__":"8dRuG/Vi1JVptVNE5YnuGO"},"_sizeMode":0},{"__type__":"cc.Node","_name":"name","_parent":{"__id__":2},"_components":[{"__id__":6}],"_prefab":{"__type__":"cc.PrefabInfo","root":{"__id__":1},"asset":{"__uuid__":"67TUtgRUBEyIUiCal1IfA6"},"fileId":"8aEUkdf61A1JXp/KReDg9/"},"_contentSize":{"__type__":"cc.Size","width":25.03,"height":18.9},"_trs":{"__type__":"TypedArray","ctor":"Float64Array","array":[-1,18,0,0,0,0,1,1,1,1]}},{"__type__":"cc.Label","node":{"__id__":5},"_materials":[{"__uuid__":"ecpdLyjvZBwrvm+cedCcQy"}],"_useOriginalSize":false,"_string":"123","_N$string":"123","_fontSize":15,"_lineHeight":15,"_N$horizontalAlign":1,"_N$verticalAlign":1},{"__type__":"cc.ProgressBar","node":{"__id__":2},"_N$totalLength":55,"_N$barSprite":{"__id__":4}},{"__type__":"cc.Node","_name":"hp","_parent":{"__id__":1},"_active":false,"_components":[{"__id__":9},{"__type__":"cc.Widget","node":{"__id__":8},"alignMode":0,"_alignFlags":16,"_left":-2.8806030174319304,"_top":151.4600347286622}],"_prefab":{"__type__":"cc.PrefabInfo","root":{"__id__":1},"asset":{"__uuid__":"67TUtgRUBEyIUiCal1IfA6"},"fileId":"89WParUYNKWKJYCv8LFhSY"},"_color":{"__type__":"cc.Color"},"_contentSize":{"__type__":"cc.Size","width":44.46,"height":50.4},"_trs":{"__type__":"TypedArray","ctor":"Float64Array","array":[0,-103,0,0,0,0,1,1,1,1]}},{"__type__":"cc.Label","node":{"__id__":8},"_useOriginalSize":false,"_string":"HP:0","_N$string":"HP:0","_fontSize":20,"_N$horizontalAlign":1,"_N$verticalAlign":1},{"__type__":"cc.Node","_name":"state","_parent":{"__id__":1},"_components":[{"__type__":"cc.Layout","node":{"__id__":10},"_layoutSize":{"__type__":"cc.Size","width":72,"height":26},"_resize":1,"_N$layoutType":1,"_N$spacingX":5}],"_prefab":{"__type__":"cc.PrefabInfo","root":{"__id__":1},"asset":{"__uuid__":"67TUtgRUBEyIUiCal1IfA6"},"fileId":"adALET7zlJK42ztaGdftnJ"},"_contentSize":{"__type__":"cc.Size","width":72,"height":26},"_trs":{"__type__":"TypedArray","ctor":"Float64Array","array":[0,103,0,0,0,0,1,1,1,1]}}]