[{"__type__":"cc.Prefab","_name":"list","data":{"__id__":1}},{"__type__":"cc.Node","_name":"list","_children":[{"__id__":2},{"__id__":25},{"__id__":31}],"_components":[{"__id__":29},{"__type__":"d5775Z/18tA5bql8+ltGvgM","node":{"__id__":1},"Nname":{"__uuid__":"df18iYJ5JB94csGfbem/Ds"}}],"_prefab":{"__type__":"cc.PrefabInfo","root":{"__id__":1},"asset":{"__uuid__":"31a00gviZEi7CDDabBLo52"},"fileId":"dbfuNJ7IdAI5+xd6abLmbD"},"_contentSize":{"__type__":"cc.Size","width":685,"height":250},"_trs":{"__type__":"TypedArray","ctor":"Float64Array","array":[1698.3310546875,91,0,0,0,0,1,1,1,1]}},{"__type__":"cc.Node","_name":"shuxing","_parent":{"__id__":1},"_children":[{"__id__":3},{"__id__":4},{"__id__":12},{"__id__":22}],"_components":[{"__type__":"b8248xoXMBPxrJvYqvI7e1v","node":{"__id__":2},"Ntitle":{"__uuid__":"58D6x0sOlPuLDZYQ71ZfOA"},"Nname":{"__uuid__":"ec3qdGVDhLj6nswUjU6C7/"}}],"_prefab":{"__type__":"cc.PrefabInfo","root":{"__id__":1},"asset":{"__uuid__":"31a00gviZEi7CDDabBLo52"},"fileId":"73sfm3Z4VFG5kGGiOu51+6"},"_contentSize":{"__type__":"cc.Size","width":671,"height":355},"_anchorPoint":{"__type__":"cc.Vec2","x":0.5934182590233545,"y":0.42465753424657504},"_trs":{"__type__":"TypedArray","ctor":"Float64Array","array":[-33,-20,0,0,0,0,1,1,1,1]}},{"__type__":"cc.Node","_name":"tab","_parent":{"__id__":2},"_active":false,"_components":[{"__type__":"cc.Layout","node":{"__id__":3},"_layoutSize":{"__type__":"cc.Size","width":60,"height":50},"_resize":1,"_N$layoutType":1,"_N$paddingLeft":10,"_N$spacingX":20},{"__type__":"cc.Widget","node":{"__id__":3},"alignMode":0,"_alignFlags":9,"_right":234.415,"_originalWidth":71.17}],"_prefab":{"__type__":"cc.PrefabInfo","root":{"__id__":1},"asset":{"__uuid__":"31a00gviZEi7CDDabBLo52"},"fileId":"41mwDjg5hH8ZIlFgCYGFMy"},"_contentSize":{"__type__":"cc.Size","width":60,"height":50},"_anchorPoint":{"__type__":"cc.Vec2"},"_trs":{"__type__":"TypedArray","ctor":"Float64Array","array":[-279.5,118,0,0,0,0,1,1,1,1]}},{"__type__":"cc.Node","_name":"name","_parent":{"__id__":2},"_children":[{"__id__":5},{"__id__":11}],"_components":[{"__type__":"cc.Sprite","node":{"__id__":4},"_materials":[{"__uuid__":"ecpdLyjvZBwrvm+cedCcQy"}],"_spriteFrame":{"__uuid__":"08azvKG3BBKqxVo0nW6clQ"},"_type":1,"_sizeMode":0},{"__id__":9},{"__type__":"cc.Widget","node":{"__id__":4},"alignMode":0,"_alignFlags":13,"_left":24.83758544921875,"_top":49.746575355529785,"_bottom":0.25342464447021484,"_originalHeight":150}],"_prefab":{"__type__":"cc.PrefabInfo","root":{"__id__":1},"asset":{"__uuid__":"31a00gviZEi7CDDabBLo52"},"fileId":"d3remZ9zRJKrAsw99ssuFh"},"_contentSize":{"__type__":"cc.Size","width":79,"height":305},"_trs":{"__type__":"TypedArray","ctor":"Float64Array","array":[-333.84606635545214,1.999999986936075,0,0,0,0,1,1,1,1]}},{"__type__":"cc.Node","_name":"scrollBar","_parent":{"__id__":4},"_children":[{"__id__":6}],"_components":[{"__id__":8},{"__type__":"cc.Widget","node":{"__id__":5},"alignMode":0,"_alignFlags":37,"_left":350.07654921020657,"_originalHeight":237},{"__type__":"cc.Sprite","node":{"__id__":5},"_type":1,"_sizeMode":0}],"_prefab":{"__type__":"cc.PrefabInfo","root":{"__id__":1},"asset":{"__uuid__":"31a00gviZEi7CDDabBLo52"},"fileId":"96J7oJ4jJOxoOfbknyvvlc"},"_color":{"__type__":"cc.Color","r":238,"g":217,"b":227},"_contentSize":{"__type__":"cc.Size","width":12,"height":305},"_anchorPoint":{"__type__":"cc.Vec2","x":1,"y":0.5},"_trs":{"__type__":"TypedArray","ctor":"Float64Array","array":[39.5,0,0,0,0,0,1,1,1,1]}},{"__type__":"cc.Node","_name":"bar","_parent":{"__id__":5},"_components":[{"__id__":7}],"_prefab":{"__type__":"cc.PrefabInfo","root":{"__id__":1},"asset":{"__uuid__":"31a00gviZEi7CDDabBLo52"},"fileId":"3bFjYugf5KOY9T1Vzk0K6w"},"_color":{"__type__":"cc.Color","r":236,"g":241,"b":245},"_contentSize":{"__type__":"cc.Size","width":10,"height":30},"_anchorPoint":{"__type__":"cc.Vec2","x":1},"_trs":{"__type__":"TypedArray","ctor":"Float64Array","array":[-1,0,0,0,0,0,1,1,1,1]}},{"__type__":"cc.Sprite","node":{"__id__":6},"_type":1,"_sizeMode":0},{"__type__":"cc.Scrollbar","node":{"__id__":5},"_scrollView":{"__id__":9},"_N$handle":{"__id__":7},"_N$direction":1},{"__type__":"cc.ScrollView","node":{"__id__":4},"horizontal":false,"brake":0.75,"bounceDuration":0.23,"_N$content":{"__id__":10},"content":{"__id__":10},"_N$horizontalScrollBar":null,"_N$verticalScrollBar":{"__id__":8}},{"__type__":"cc.Node","_name":"content","_parent":{"__id__":11},"_components":[{"__type__":"cc.Widget","node":{"__id__":10},"alignMode":0,"_alignFlags":41,"_bottom":-158,"_originalWidth":220,"_originalHeight":400},{"__type__":"cc.Layout","node":{"__id__":10},"_layoutSize":{"__type__":"cc.Size","width":79,"height":35.2},"_resize":1,"_N$layoutType":2,"_N$paddingTop":10,"_N$spacingY":3}],"_prefab":{"__type__":"cc.PrefabInfo","root":{"__id__":1},"asset":{"__uuid__":"31a00gviZEi7CDDabBLo52"},"fileId":"1fCA/GjfVMnoI89uTbogBj"},"_contentSize":{"__type__":"cc.Size","width":79,"height":35.2},"_anchorPoint":{"__type__":"cc.Vec2","x":0.5,"y":1},"_trs":{"__type__":"TypedArray","ctor":"Float64Array","array":[0,151.5,0,0,0,0,1,1,1,1]}},{"__type__":"cc.Node","_name":"view","_parent":{"__id__":4},"_children":[{"__id__":10}],"_components":[{"__type__":"cc.Mask","node":{"__id__":11},"_materials":[{"__uuid__":"ecpdLyjvZBwrvm+cedCcQy"}],"_N$alphaThreshold":1},{"__type__":"cc.Widget","node":{"__id__":11},"alignMode":0,"_alignFlags":45,"_bottom":2,"_originalWidth":240,"_originalHeight":250}],"_prefab":{"__type__":"cc.PrefabInfo","root":{"__id__":1},"asset":{"__uuid__":"31a00gviZEi7CDDabBLo52"},"fileId":"965KADBgJMWrICMMo53TJx"},"_contentSize":{"__type__":"cc.Size","width":79,"height":303},"_trs":{"__type__":"TypedArray","ctor":"Float64Array","array":[0,1,0,0,0,0,1,1,1,1]}},{"__type__":"cc.Node","_name":"shuoming","_parent":{"__id__":2},"_children":[{"__id__":13},{"__id__":14},{"__id__":15},{"__id__":18},{"__id__":20}],"_components":[{"__type__":"cc.Widget","node":{"__id__":12},"alignMode":0,"_alignFlags":45,"_left":103.73644600716258,"_right":-132.73644600716258,"_top":50.00525307655343,"_bottom":-0.005253076553429992,"_originalWidth":200,"_originalHeight":150},{"__type__":"cc.Sprite","node":{"__id__":12},"_materials":[{"__uuid__":"ecpdLyjvZBwrvm+cedCcQy"}],"_spriteFrame":{"__uuid__":"08azvKG3BBKqxVo0nW6clQ"},"_sizeMode":0}],"_prefab":{"__type__":"cc.PrefabInfo","root":{"__id__":1},"asset":{"__uuid__":"31a00gviZEi7CDDabBLo52"},"fileId":"dcMeEY7x1BmYdS7/3eOF1I"},"_contentSize":{"__type__":"cc.Size","width":700,"height":305},"_anchorPoint":{"__type__":"cc.Vec2","x":0.4973045822102422,"y":0.4834710743801653},"_trs":{"__type__":"TypedArray","ctor":"Float64Array","array":[53.666001749661234,-3.30000004813715,0,0,0,0,1,1,1,1]}},{"__type__":"cc.Node","_name":"title","_parent":{"__id__":12},"_active":false,"_components":[{"__type__":"cc.Label","node":{"__id__":13},"_materials":[{"__uuid__":"ecpdLyjvZBwrvm+cedCcQy"}],"_useOriginalSize":false,"_string":"名称:","_N$string":"名称:","_fontSize":20,"_enableWrapText":false,"_N$verticalAlign":1,"_N$overflow":2},{"__type__":"cc.Widget","node":{"__id__":13},"alignMode":0,"_alignFlags":9,"_left":18.999999999999858,"_top":2.5,"_bottom":202}],"_prefab":{"__type__":"cc.PrefabInfo","root":{"__id__":1},"asset":{"__uuid__":"31a00gviZEi7CDDabBLo52"},"fileId":"98WZfFSCdG/YIJlPO1Kuh/"},"_color":{"__type__":"cc.Color"},"_contentSize":{"__type__":"cc.Size","width":141,"height":33},"_trs":{"__type__":"TypedArray","ctor":"Float64Array","array":[-262.0943298339844,138.54132080078125,0,0,0,0,1,1,1,1]}},{"__type__":"cc.Node","_name":"num","_parent":{"__id__":12},"_active":false,"_components":[{"__type__":"cc.Label","node":{"__id__":14},"_materials":[{"__uuid__":"ecpdLyjvZBwrvm+cedCcQy"}],"_useOriginalSize":false,"_string":"数量:","_N$string":"数量:","_fontSize":15,"_lineHeight":15,"_enableWrapText":false,"_N$verticalAlign":1,"_N$overflow":2},{"__type__":"cc.Widget","node":{"__id__":14},"alignMode":0,"_alignFlags":33,"_right":19.500000000000142,"_top":14.5}],"_prefab":{"__type__":"cc.PrefabInfo","root":{"__id__":1},"asset":{"__uuid__":"31a00gviZEi7CDDabBLo52"},"fileId":"73txTnfnBLsohzMueddXvJ"},"_color":{"__type__":"cc.Color"},"_contentSize":{"__type__":"cc.Size","width":60,"height":15},"_trs":{"__type__":"TypedArray","ctor":"Float64Array","array":[305.9056701660156,135.54132080078125,0,0,0,0,1,1,1,1]}},{"__type__":"cc.Node","_name":"body","_parent":{"__id__":12},"_children":[{"__id__":16},{"__id__":17}],"_components":[{"__type__":"cc.Sprite","node":{"__id__":15},"_materials":[{"__uuid__":"ecpdLyjvZBwrvm+cedCcQy"}],"_spriteFrame":{"__uuid__":"a2MjXRFdtLlYQ5ouAFv/+R"},"_sizeMode":0},{"__type__":"cc.Widget","node":{"__id__":15},"alignMode":0,"_alignFlags":44,"_left":2.7132077693937333,"_right":24.886792230606204,"_bottom":20.95867770910263,"_originalWidth":319}],"_prefab":{"__type__":"cc.PrefabInfo","root":{"__id__":1},"asset":{"__uuid__":"31a00gviZEi7CDDabBLo52"},"fileId":"23Bu5j4d9FOIUXI3/ZzXeb"},"_contentSize":{"__type__":"cc.Size","width":672.4000000000001,"height":269},"_trs":{"__type__":"TypedArray","ctor":"Float64Array","array":[-9.199999777775815,8.00000002315221,0,0,0,0,1,1,1,1]}},{"__type__":"cc.Node","_name":"label","_parent":{"__id__":15},"_active":false,"_components":[{"__type__":"cc.Label","node":{"__id__":16},"_materials":[{"__uuid__":"ecpdLyjvZBwrvm+cedCcQy"}],"_useOriginalSize":false,"_string":"简介:","_N$string":"简介:","_fontSize":20,"_lineHeight":20,"_N$verticalAlign":1},{"__type__":"cc.Widget","node":{"__id__":16},"alignMode":0,"_alignFlags":9,"_left":20,"_right":20,"_top":20,"_bottom":20,"_originalWidth":45.56,"_originalHeight":40}],"_prefab":{"__type__":"cc.PrefabInfo","root":{"__id__":1},"asset":{"__uuid__":"31a00gviZEi7CDDabBLo52"},"fileId":"98/wKT//dECJiSoOUHk/xD"},"_color":{"__type__":"cc.Color"},"_contentSize":{"__type__":"cc.Size","width":45.56,"height":25.2},"_trs":{"__type__":"TypedArray","ctor":"Float64Array","array":[-295.7200012207031,101.9000015258789,0,0,0,0,1,1,1,1]}},{"__type__":"cc.Node","_name":"details","_parent":{"__id__":15},"_active":false,"_components":[{"__type__":"cc.Label","node":{"__id__":17},"_materials":[{"__uuid__":"ecpdLyjvZBwrvm+cedCcQy"}],"_useOriginalSize":false,"_fontSize":15,"_lineHeight":15,"_N$overflow":2},{"__type__":"cc.Widget","node":{"__id__":17},"alignMode":0,"_alignFlags":45,"_left":76.69999999999995,"_right":12.299999999999926,"_top":46.5,"_bottom":12.5,"_originalWidth":72,"_originalHeight":120}],"_prefab":{"__type__":"cc.PrefabInfo","root":{"__id__":1},"asset":{"__uuid__":"31a00gviZEi7CDDabBLo52"},"fileId":"b8pXAQezVCYa9Uf8q5vyXf"},"_color":{"__type__":"cc.Color"},"_contentSize":{"__type__":"cc.Size","width":588.0000000000001,"height":210},"_anchorPoint":{"__type__":"cc.Vec2","x":0.4714285714285714,"y":0.5},"_trs":{"__type__":"TypedArray","ctor":"Float64Array","array":[15.399999618530273,-17,0,0,0,0,1,1,1,1]}},{"__type__":"cc.Node","_name":"shiyong","_parent":{"__id__":12},"_children":[{"__id__":19}],"_active":false,"_components":[{"__type__":"cc.Sprite","node":{"__id__":18},"_materials":[{"__uuid__":"ecpdLyjvZBwrvm+cedCcQy"}],"_spriteFrame":{"__uuid__":"f0BIwQ8D5Ml7nTNQbh1YlS"},"_type":1,"_sizeMode":0},{"__type__":"cc.Button","node":{"__id__":18},"clickEvents":[{"__type__":"cc.ClickEvent","target":{"__id__":2},"_componentId":"b8248xoXMBPxrJvYqvI7e1v","handler":"useItme"}],"_N$transition":2,"transition":2,"_N$pressedColor":{"__type__":"cc.Color","r":255,"g":255,"b":255},"pressedColor":{"__type__":"cc.Color","r":255,"g":255,"b":255},"_N$disabledColor":{"__type__":"cc.Color","r":255,"g":255,"b":255},"_N$normalSprite":{"__uuid__":"f0BIwQ8D5Ml7nTNQbh1YlS"},"_N$pressedSprite":{"__uuid__":"e97GVMl6JHh5Ml5qEDdSGa"},"pressedSprite":{"__uuid__":"e97GVMl6JHh5Ml5qEDdSGa"},"_N$hoverSprite":{"__uuid__":"e97GVMl6JHh5Ml5qEDdSGa"},"hoverSprite":{"__uuid__":"e97GVMl6JHh5Ml5qEDdSGa"},"_N$disabledSprite":{"__uuid__":"29FYIk+N1GYaeWH/q1NxQO"},"_N$target":{"__id__":18}}],"_prefab":{"__type__":"cc.PrefabInfo","root":{"__id__":1},"asset":{"__uuid__":"31a00gviZEi7CDDabBLo52"},"fileId":"63qucH5/9NJrg7IH9Agl9a"},"_contentSize":{"__type__":"cc.Size","width":61,"height":26},"_trs":{"__type__":"TypedArray","ctor":"Float64Array","array":[-111,-97,0,0,0,0,1,1,1,1]}},{"__type__":"cc.Node","_name":"Label","_parent":{"__id__":18},"_components":[{"__type__":"cc.Label","node":{"__id__":19},"_materials":[{"__uuid__":"ecpdLyjvZBwrvm+cedCcQy"}],"_useOriginalSize":false,"_string":"使用","_N$string":"使用","_fontSize":15,"_lineHeight":15,"_enableWrapText":false,"_N$horizontalAlign":1,"_N$verticalAlign":1,"_N$overflow":1},{"__type__":"cc.Widget","node":{"__id__":19},"alignMode":0,"_alignFlags":45,"_originalWidth":100,"_originalHeight":40}],"_prefab":{"__type__":"cc.PrefabInfo","root":{"__id__":1},"asset":{"__uuid__":"31a00gviZEi7CDDabBLo52"},"fileId":"72geAZivVCoactkpumbwST"},"_color":{"__type__":"cc.Color"},"_contentSize":{"__type__":"cc.Size","width":61,"height":26},"_trs":{"__type__":"TypedArray","ctor":"Float64Array","array":[0,0,0,0,0,0,1,1,1,1]}},{"__type__":"cc.Node","_name":"chushou","_parent":{"__id__":12},"_children":[{"__id__":21}],"_active":false,"_components":[{"__type__":"cc.Sprite","node":{"__id__":20},"_materials":[{"__uuid__":"ecpdLyjvZBwrvm+cedCcQy"}],"_spriteFrame":{"__uuid__":"f0BIwQ8D5Ml7nTNQbh1YlS"},"_type":1,"_sizeMode":0},{"__type__":"cc.Button","node":{"__id__":20},"_N$transition":2,"transition":2,"_N$pressedColor":{"__type__":"cc.Color","r":255,"g":255,"b":255},"pressedColor":{"__type__":"cc.Color","r":255,"g":255,"b":255},"_N$disabledColor":{"__type__":"cc.Color","r":255,"g":255,"b":255},"_N$normalSprite":{"__uuid__":"f0BIwQ8D5Ml7nTNQbh1YlS"},"_N$pressedSprite":{"__uuid__":"e97GVMl6JHh5Ml5qEDdSGa"},"pressedSprite":{"__uuid__":"e97GVMl6JHh5Ml5qEDdSGa"},"_N$hoverSprite":{"__uuid__":"e97GVMl6JHh5Ml5qEDdSGa"},"hoverSprite":{"__uuid__":"e97GVMl6JHh5Ml5qEDdSGa"},"_N$disabledSprite":{"__uuid__":"29FYIk+N1GYaeWH/q1NxQO"},"_N$target":{"__id__":20}}],"_prefab":{"__type__":"cc.PrefabInfo","root":{"__id__":1},"asset":{"__uuid__":"31a00gviZEi7CDDabBLo52"},"fileId":"2eyc+Q9DJGh4uGpz0eOyg4"},"_contentSize":{"__type__":"cc.Size","width":61,"height":26},"_trs":{"__type__":"TypedArray","ctor":"Float64Array","array":[115,-97,0,0,0,0,1,1,1,1]}},{"__type__":"cc.Node","_name":"Label","_parent":{"__id__":20},"_components":[{"__type__":"cc.Label","node":{"__id__":21},"_materials":[{"__uuid__":"ecpdLyjvZBwrvm+cedCcQy"}],"_useOriginalSize":false,"_string":"出售","_N$string":"出售","_fontSize":15,"_lineHeight":15,"_enableWrapText":false,"_N$horizontalAlign":1,"_N$verticalAlign":1,"_N$overflow":1},{"__type__":"cc.Widget","node":{"__id__":21},"alignMode":0,"_alignFlags":45,"_originalWidth":100,"_originalHeight":40}],"_prefab":{"__type__":"cc.PrefabInfo","root":{"__id__":1},"asset":{"__uuid__":"31a00gviZEi7CDDabBLo52"},"fileId":"c5NJCh7XZGWKFIUDcHsqhH"},"_color":{"__type__":"cc.Color"},"_contentSize":{"__type__":"cc.Size","width":61,"height":26},"_trs":{"__type__":"TypedArray","ctor":"Float64Array","array":[0,0,0,0,0,0,1,1,1,1]}},{"__type__":"cc.Node","_name":"ok","_parent":{"__id__":2},"_children":[{"__id__":23}],"_components":[{"__type__":"cc.Button","node":{"__id__":22},"clickEvents":[{"__type__":"cc.ClickEvent","target":{"__id__":1},"_componentId":"d5775Z/18tA5bql8+ltGvgM","handler":"btn_ok"}],"_N$transition":2,"transition":2,"_N$normalColor":{"__type__":"cc.Color","r":230,"g":230,"b":230},"_N$pressedColor":{"__type__":"cc.Color","r":200,"g":200,"b":200},"pressedColor":{"__type__":"cc.Color","r":200,"g":200,"b":200},"_N$disabledColor":{"__type__":"cc.Color","r":120,"g":120,"b":120,"a":200},"_N$normalSprite":{"__uuid__":"f0BIwQ8D5Ml7nTNQbh1YlS"},"_N$pressedSprite":{"__uuid__":"e97GVMl6JHh5Ml5qEDdSGa"},"pressedSprite":{"__uuid__":"e97GVMl6JHh5Ml5qEDdSGa"},"_N$hoverSprite":{"__uuid__":"f0BIwQ8D5Ml7nTNQbh1YlS"},"hoverSprite":{"__uuid__":"f0BIwQ8D5Ml7nTNQbh1YlS"},"_N$disabledSprite":{"__uuid__":"29FYIk+N1GYaeWH/q1NxQO"},"_N$target":{"__id__":23}}],"_prefab":{"__type__":"cc.PrefabInfo","root":{"__id__":1},"asset":{"__uuid__":"31a00gviZEi7CDDabBLo52"},"fileId":"80PkoFRr5LF5AXYyzgTwBr"},"_contentSize":{"__type__":"cc.Size","width":77,"height":16.6},"_trs":{"__type__":"TypedArray","ctor":"Float64Array","array":[303.9620056152344,-140.8000030517578,0,0,0,0,1,1,1,1]}},{"__type__":"cc.Node","_name":"Background","_parent":{"__id__":22},"_children":[{"__id__":24}],"_components":[{"__type__":"cc.Sprite","node":{"__id__":23},"_materials":[{"__uuid__":"ecpdLyjvZBwrvm+cedCcQy"}],"_spriteFrame":{"__uuid__":"f0BIwQ8D5Ml7nTNQbh1YlS"},"_type":1,"_sizeMode":0},{"__type__":"cc.Widget","node":{"__id__":23},"alignMode":0,"_alignFlags":45,"_originalWidth":100,"_originalHeight":40}],"_prefab":{"__type__":"cc.PrefabInfo","root":{"__id__":1},"asset":{"__uuid__":"31a00gviZEi7CDDabBLo52"},"fileId":"ecVKEG51VOBqubzlQJf7VC"},"_contentSize":{"__type__":"cc.Size","width":77,"height":16.6},"_trs":{"__type__":"TypedArray","ctor":"Float64Array","array":[0,0,0,0,0,0,1,1,1,1]}},{"__type__":"cc.Node","_name":"Label","_parent":{"__id__":23},"_components":[{"__type__":"cc.Label","node":{"__id__":24},"_materials":[{"__uuid__":"ecpdLyjvZBwrvm+cedCcQy"}],"_useOriginalSize":false,"_string":"确定","_N$string":"确定","_fontSize":20,"_enableWrapText":false,"_N$horizontalAlign":1,"_N$verticalAlign":1,"_N$overflow":1}],"_prefab":{"__type__":"cc.PrefabInfo","root":{"__id__":1},"asset":{"__uuid__":"31a00gviZEi7CDDabBLo52"},"fileId":"8eKetqMkxCX6jCSM0qjd99"},"_color":{"__type__":"cc.Color"},"_contentSize":{"__type__":"cc.Size","width":100,"height":40},"_trs":{"__type__":"TypedArray","ctor":"Float64Array","array":[0,0,0,0,0,0,1,1,1,1]}},{"__type__":"cc.Node","_name":"scrollBar","_parent":{"__id__":1},"_children":[{"__id__":26}],"_components":[{"__id__":28},{"__type__":"cc.Widget","node":{"__id__":25},"alignMode":0,"_alignFlags":37,"_left":350.07654921020657,"_right":-4,"_top":10,"_bottom":9,"_originalHeight":237},{"__type__":"cc.Sprite","node":{"__id__":25},"_materials":[{"__uuid__":"ecpdLyjvZBwrvm+cedCcQy"}],"_spriteFrame":{"__uuid__":"5f5dyqtRNNxaFmVzYns6FZ"},"_type":1,"_sizeMode":0}],"_prefab":{"__type__":"cc.PrefabInfo","root":{"__id__":1},"asset":{"__uuid__":"31a00gviZEi7CDDabBLo52"},"fileId":"e0cIchUQtOSLzLcHhYN4BC"},"_contentSize":{"__type__":"cc.Size","width":12,"height":231},"_anchorPoint":{"__type__":"cc.Vec2","x":1,"y":0.5},"_trs":{"__type__":"TypedArray","ctor":"Float64Array","array":[346.5,-0.5,0,0,0,0,1,1,1,1]}},{"__type__":"cc.Node","_name":"bar","_parent":{"__id__":25},"_components":[{"__id__":27}],"_prefab":{"__type__":"cc.PrefabInfo","root":{"__id__":1},"asset":{"__uuid__":"31a00gviZEi7CDDabBLo52"},"fileId":"f2WI1gp3pCpryHOc0Q9I7e"},"_contentSize":{"__type__":"cc.Size","width":10,"height":30},"_anchorPoint":{"__type__":"cc.Vec2","x":1},"_trs":{"__type__":"TypedArray","ctor":"Float64Array","array":[-1,0,0,0,0,0,1,1,1,1]}},{"__type__":"cc.Sprite","node":{"__id__":26},"_materials":[{"__uuid__":"ecpdLyjvZBwrvm+cedCcQy"}],"_spriteFrame":{"__uuid__":"5cO7kybDxGj4ipyMYdRYZB"},"_type":1,"_sizeMode":0},{"__type__":"cc.Scrollbar","node":{"__id__":25},"_scrollView":{"__id__":29},"_N$handle":{"__id__":27},"_N$direction":1},{"__type__":"cc.ScrollView","node":{"__id__":1},"horizontal":false,"brake":0.75,"bounceDuration":0.23,"_N$content":{"__id__":30},"content":{"__id__":30},"_N$horizontalScrollBar":null,"_N$verticalScrollBar":{"__id__":28}},{"__type__":"cc.Node","_name":"content","_parent":{"__id__":31},"_children":[{"__id__":32},{"__id__":43},{"__id__":44},{"__id__":50},{"__id__":51}],"_components":[{"__type__":"cc.Layout","node":{"__id__":30},"_layoutSize":{"__type__":"cc.Size","width":685,"height":367},"_resize":1,"_N$layoutType":2,"_N$paddingBottom":10,"_N$spacingY":10},{"__type__":"cc.Widget","node":{"__id__":30},"_alignFlags":41,"_originalWidth":635}],"_prefab":{"__type__":"cc.PrefabInfo","root":{"__id__":1},"asset":{"__uuid__":"31a00gviZEi7CDDabBLo52"},"fileId":"06sv9AxMdLo6+wZqVa6ppA"},"_contentSize":{"__type__":"cc.Size","width":685,"height":367},"_anchorPoint":{"__type__":"cc.Vec2","x":0.5,"y":1},"_trs":{"__type__":"TypedArray","ctor":"Float64Array","array":[0,125,0,0,0,0,1,1,1,1]}},{"__type__":"cc.Node","_name":"view","_parent":{"__id__":1},"_children":[{"__id__":30}],"_components":[{"__type__":"cc.Mask","node":{"__id__":31},"_materials":[{"__uuid__":"ecpdLyjvZBwrvm+cedCcQy"}],"_N$alphaThreshold":0},{"__type__":"cc.Widget","node":{"__id__":31},"_alignFlags":45,"_left":1.5160000324249268,"_right":-1.5160000324249268,"_top":15.156999588012695,"_bottom":-15.156999588012695,"_originalWidth":635,"_originalHeight":277}],"_prefab":{"__type__":"cc.PrefabInfo","root":{"__id__":1},"asset":{"__uuid__":"31a00gviZEi7CDDabBLo52"},"fileId":"b5xUHZN1dAZakZiTyx76Cq"},"_contentSize":{"__type__":"cc.Size","width":685,"height":250},"_trs":{"__type__":"TypedArray","ctor":"Float64Array","array":[1.5160000324249268,-15.156999588012695,0,0,0,0,1,1,1,1]}},{"__type__":"cc.Node","_name":"label_list","_parent":{"__id__":30},"_children":[{"__id__":33},{"__id__":34},{"__id__":35},{"__id__":36},{"__id__":37},{"__id__":38},{"__id__":39},{"__id__":40},{"__id__":41},{"__id__":42}],"_prefab":{"__type__":"cc.PrefabInfo","root":{"__id__":1},"asset":{"__uuid__":"31a00gviZEi7CDDabBLo52"},"fileId":"34qn4A1QZPKauVrsrw0p00"},"_color":{"__type__":"cc.Color","r":167,"g":167,"b":167},"_contentSize":{"__type__":"cc.Size","width":635,"height":113},"_anchorPoint":{"__type__":"cc.Vec2","x":0.5,"y":0.5080645161290323},"_trs":{"__type__":"TypedArray","ctor":"Float64Array","array":[0,-55.58870967741935,0,0,0,0,1,1,1,1]}},{"__type__":"cc.Node","_name":"xm","_parent":{"__id__":32},"_components":[{"__type__":"cc.Label","node":{"__id__":33},"_materials":[{"__uuid__":"ecpdLyjvZBwrvm+cedCcQy"}],"_useOriginalSize":false,"_string":"姓名 丁新","_N$string":"姓名 丁新","_fontSize":20,"_lineHeight":20,"_N$verticalAlign":1,"_N$overflow":1}],"_prefab":{"__type__":"cc.PrefabInfo","root":{"__id__":1},"asset":{"__uuid__":"31a00gviZEi7CDDabBLo52"},"fileId":"06h3FCSw9DgprTreZ2OvO4"},"_color":{"__type__":"cc.Color"},"_contentSize":{"__type__":"cc.Size","width":150,"height":25.2},"_trs":{"__type__":"TypedArray","ctor":"Float64Array","array":[-166.35400390625,34,0,0,0,0,1,1,1,1]}},{"__type__":"cc.Node","_name":"ack","_parent":{"__id__":32},"_components":[{"__type__":"cc.Label","node":{"__id__":34},"_materials":[{"__uuid__":"ecpdLyjvZBwrvm+cedCcQy"}],"_useOriginalSize":false,"_string":"攻击:9999","_N$string":"攻击:9999","_fontSize":20,"_lineHeight":20,"_N$verticalAlign":1,"_N$overflow":1}],"_prefab":{"__type__":"cc.PrefabInfo","root":{"__id__":1},"asset":{"__uuid__":"31a00gviZEi7CDDabBLo52"},"fileId":"23o+GbiiBFHpyMGsU/QdZJ"},"_color":{"__type__":"cc.Color"},"_contentSize":{"__type__":"cc.Size","width":150,"height":25.2},"_trs":{"__type__":"TypedArray","ctor":"Float64Array","array":[-12.972999572753906,34.07500076293945,0,0,0,0,1,1,1,1]}},{"__type__":"cc.Node","_name":"def","_parent":{"__id__":32},"_components":[{"__type__":"cc.Label","node":{"__id__":35},"_materials":[{"__uuid__":"ecpdLyjvZBwrvm+cedCcQy"}],"_useOriginalSize":false,"_string":"防御:9999","_N$string":"防御:9999","_fontSize":20,"_lineHeight":20,"_N$verticalAlign":1,"_N$overflow":1}],"_prefab":{"__type__":"cc.PrefabInfo","root":{"__id__":1},"asset":{"__uuid__":"31a00gviZEi7CDDabBLo52"},"fileId":"c8pAD19SVKXILKqCYkBoYs"},"_color":{"__type__":"cc.Color"},"_contentSize":{"__type__":"cc.Size","width":150,"height":25.2},"_trs":{"__type__":"TypedArray","ctor":"Float64Array","array":[130.42599487304688,34.07500076293945,0,0,0,0,1,1,1,1]}},{"__type__":"cc.Node","_name":"hp","_parent":{"__id__":32},"_components":[{"__type__":"cc.Label","node":{"__id__":36},"_materials":[{"__uuid__":"ecpdLyjvZBwrvm+cedCcQy"}],"_useOriginalSize":false,"_string":"血量：200","_N$string":"血量：200","_fontSize":20,"_lineHeight":20,"_N$verticalAlign":1,"_N$overflow":1}],"_prefab":{"__type__":"cc.PrefabInfo","root":{"__id__":1},"asset":{"__uuid__":"31a00gviZEi7CDDabBLo52"},"fileId":"6aiOKFz7lCGJHAn6XSKX/A"},"_color":{"__type__":"cc.Color"},"_contentSize":{"__type__":"cc.Size","width":150,"height":25.2},"_trs":{"__type__":"TypedArray","ctor":"Float64Array","array":[271,34,0,0,0,0,1,1,1,1]}},{"__type__":"cc.Node","_name":"mp","_parent":{"__id__":32},"_components":[{"__type__":"cc.Label","node":{"__id__":37},"_materials":[{"__uuid__":"ecpdLyjvZBwrvm+cedCcQy"}],"_useOriginalSize":false,"_string":"内力 2000","_N$string":"内力 2000","_fontSize":20,"_lineHeight":20,"_N$verticalAlign":1,"_N$overflow":1}],"_prefab":{"__type__":"cc.PrefabInfo","root":{"__id__":1},"asset":{"__uuid__":"31a00gviZEi7CDDabBLo52"},"fileId":"87IJdrRgpER7lDKx4WzP/T"},"_color":{"__type__":"cc.Color"},"_contentSize":{"__type__":"cc.Size","width":150,"height":25.2},"_trs":{"__type__":"TypedArray","ctor":"Float64Array","array":[-13.498000144958496,7.074999809265137,0,0,0,0,1,1,1,1]}},{"__type__":"cc.Node","_name":"exp","_parent":{"__id__":32},"_components":[{"__type__":"cc.Label","node":{"__id__":38},"_materials":[{"__uuid__":"ecpdLyjvZBwrvm+cedCcQy"}],"_useOriginalSize":false,"_string":"修为 1000/2000  ","_N$string":"修为 1000/2000  ","_fontSize":20,"_lineHeight":20,"_N$verticalAlign":1,"_N$overflow":1}],"_prefab":{"__type__":"cc.PrefabInfo","root":{"__id__":1},"asset":{"__uuid__":"31a00gviZEi7CDDabBLo52"},"fileId":"72IBxjPL5KxKN19yBUWsST"},"_color":{"__type__":"cc.Color"},"_contentSize":{"__type__":"cc.Size","width":151.21,"height":25.2},"_trs":{"__type__":"TypedArray","ctor":"Float64Array","array":[129.78900146484375,7,0,0,0,0,1,1,1,1]}},{"__type__":"cc.Node","_name":"jj","_parent":{"__id__":32},"_components":[{"__type__":"cc.Label","node":{"__id__":39},"_materials":[{"__uuid__":"ecpdLyjvZBwrvm+cedCcQy"}],"_useOriginalSize":false,"_string":"境界:9999","_N$string":"境界:9999","_fontSize":20,"_lineHeight":20,"_N$verticalAlign":1,"_N$overflow":1}],"_prefab":{"__type__":"cc.PrefabInfo","root":{"__id__":1},"asset":{"__uuid__":"31a00gviZEi7CDDabBLo52"},"fileId":"94T+bH5LtKRovTlH7RD67G"},"_color":{"__type__":"cc.Color"},"_contentSize":{"__type__":"cc.Size","width":150,"height":25.2},"_trs":{"__type__":"TypedArray","ctor":"Float64Array","array":[-165.96299743652344,7,0,0,0,0,1,1,1,1]}},{"__type__":"cc.Node","_name":"jn","_parent":{"__id__":32},"_components":[{"__type__":"cc.Label","node":{"__id__":40},"_materials":[{"__uuid__":"ecpdLyjvZBwrvm+cedCcQy"}],"_useOriginalSize":false,"_string":"武功:无 ","_N$string":"武功:无 ","_fontSize":20,"_lineHeight":20,"_N$verticalAlign":1,"_N$overflow":1}],"_prefab":{"__type__":"cc.PrefabInfo","root":{"__id__":1},"asset":{"__uuid__":"31a00gviZEi7CDDabBLo52"},"fileId":"81x/chojhNgLeN3TU2bgr3"},"_color":{"__type__":"cc.Color"},"_contentSize":{"__type__":"cc.Size","width":250,"height":25.2},"_trs":{"__type__":"TypedArray","ctor":"Float64Array","array":[-117,-25,0,0,0,0,1,1,1,1]}},{"__type__":"cc.Node","_name":"money","_parent":{"__id__":32},"_active":false,"_components":[{"__type__":"cc.Label","node":{"__id__":41},"_materials":[{"__uuid__":"ecpdLyjvZBwrvm+cedCcQy"}],"_useOriginalSize":false,"_string":"银两:200001","_N$string":"银两:200001","_fontSize":20,"_lineHeight":20,"_enableWrapText":false,"_N$verticalAlign":1,"_N$overflow":1}],"_prefab":{"__type__":"cc.PrefabInfo","root":{"__id__":1},"asset":{"__uuid__":"31a00gviZEi7CDDabBLo52"},"fileId":"629MNLiBhIW7OY06RLz5X7"},"_color":{"__type__":"cc.Color"},"_contentSize":{"__type__":"cc.Size","width":150,"height":25.2},"_trs":{"__type__":"TypedArray","ctor":"Float64Array","array":[-167.0709991455078,7,0,0,0,0,1,1,1,1]}},{"__type__":"cc.Node","_name":"title","_parent":{"__id__":32},"_components":[{"__type__":"cc.Label","node":{"__id__":42},"_materials":[{"__uuid__":"ecpdLyjvZBwrvm+cedCcQy"}],"_useOriginalSize":false,"_string":"属性","_N$string":"属性","_fontSize":30,"_N$horizontalAlign":1,"_N$verticalAlign":1}],"_prefab":{"__type__":"cc.PrefabInfo","root":{"__id__":1},"asset":{"__uuid__":"31a00gviZEi7CDDabBLo52"},"fileId":"b6je/SC6hFuJ0jJ6YRrBu/"},"_color":{"__type__":"cc.Color"},"_contentSize":{"__type__":"cc.Size","width":60,"height":50.4},"_anchorPoint":{"__type__":"cc.Vec2","x":0.5,"y":0.5000000000000001},"_trs":{"__type__":"TypedArray","ctor":"Float64Array","array":[-281.8039855957031,29.575000762939453,0,0,0,0,1,1,1,1]}},{"__type__":"cc.Node","_name":"hr","_parent":{"__id__":30},"_components":[{"__type__":"cc.Sprite","node":{"__id__":43},"_materials":[{"__uuid__":"ecpdLyjvZBwrvm+cedCcQy"}],"_spriteFrame":{"__uuid__":"a2MjXRFdtLlYQ5ouAFv/+R"},"_sizeMode":0},{"__type__":"cc.Widget","node":{"__id__":43},"_alignFlags":40,"_left":25,"_right":20,"_originalWidth":100}],"_prefab":{"__type__":"cc.PrefabInfo","root":{"__id__":1},"asset":{"__uuid__":"31a00gviZEi7CDDabBLo52"},"fileId":"79uiqDhBNH15YxEras6ZrK"},"_color":{"__type__":"cc.Color"},"_contentSize":{"__type__":"cc.Size","width":640,"height":2},"_trs":{"__type__":"TypedArray","ctor":"Float64Array","array":[2.5,-124,0,0,0,0,1,1,1,1]}},{"__type__":"cc.Node","_name":"label_wugong_list","_parent":{"__id__":30},"_children":[{"__id__":45},{"__id__":46},{"__id__":48}],"_components":[{"__type__":"cc.Layout","node":{"__id__":44},"_layoutSize":{"__type__":"cc.Size","width":635,"height":50},"_resize":1,"_N$layoutType":3,"_N$paddingLeft":5,"_N$paddingRight":5,"_N$paddingTop":5,"_N$paddingBottom":5,"_N$spacingX":10,"_N$spacingY":10}],"_prefab":{"__type__":"cc.PrefabInfo","root":{"__id__":1},"asset":{"__uuid__":"31a00gviZEi7CDDabBLo52"},"fileId":"8cjGSH419A9Zh290PHr+x8"},"_color":{"__type__":"cc.Color","r":167,"g":167,"b":167},"_contentSize":{"__type__":"cc.Size","width":635,"height":50},"_trs":{"__type__":"TypedArray","ctor":"Float64Array","array":[0,-160,0,0,0,0,1,1,1,1]}},{"__type__":"cc.Node","_name":"title","_parent":{"__id__":44},"_components":[{"__type__":"cc.Label","node":{"__id__":45},"_materials":[{"__uuid__":"ecpdLyjvZBwrvm+cedCcQy"}],"_useOriginalSize":false,"_string":"武功","_N$string":"武功","_fontSize":30,"_lineHeight":30,"_N$horizontalAlign":1,"_N$verticalAlign":1}],"_prefab":{"__type__":"cc.PrefabInfo","root":{"__id__":1},"asset":{"__uuid__":"31a00gviZEi7CDDabBLo52"},"fileId":"de7ArNTQFHlKW3S0IouN69"},"_color":{"__type__":"cc.Color"},"_contentSize":{"__type__":"cc.Size","width":60,"height":37.8},"_anchorPoint":{"__type__":"cc.Vec2","x":0.5,"y":0.5000000000000001},"_trs":{"__type__":"TypedArray","ctor":"Float64Array","array":[-282.5,1.0999999999999979,0,0,0,0,1,1,1,1]}},{"__type__":"cc.Node","_name":"wg","_parent":{"__id__":44},"_children":[{"__id__":47}],"_components":[{"__type__":"cc.Sprite","node":{"__id__":46},"_materials":[{"__uuid__":"ecpdLyjvZBwrvm+cedCcQy"}],"_spriteFrame":{"__uuid__":"95i4uzCZVIIqyAWElpZcma"},"_type":1,"_sizeMode":0},{"__type__":"cc.Button","node":{"__id__":46},"clickEvents":[null],"_N$transition":2,"transition":2,"_N$pressedColor":{"__type__":"cc.Color","r":255,"g":255,"b":255},"pressedColor":{"__type__":"cc.Color","r":255,"g":255,"b":255},"_N$disabledColor":{"__type__":"cc.Color","r":255,"g":255,"b":255},"_N$normalSprite":{"__uuid__":"95i4uzCZVIIqyAWElpZcma"},"_N$target":{"__id__":46}},{"__type__":"3ccf8OmzbRD24WcSPqta64F","node":{"__id__":46}}],"_prefab":{"__type__":"cc.PrefabInfo","root":{"__id__":1},"asset":{"__uuid__":"31a00gviZEi7CDDabBLo52"},"fileId":"04DaTYTwxFHbEYPr7EK7xi"},"_opacity":128,"_contentSize":{"__type__":"cc.Size","width":100,"height":40},"_trs":{"__type__":"TypedArray","ctor":"Float64Array","array":[-192.5,0,0,0,0,0,1,1,1,1]}},{"__type__":"cc.Node","_name":"name","_parent":{"__id__":46},"_components":[{"__type__":"cc.Label","node":{"__id__":47},"_materials":[{"__uuid__":"ecpdLyjvZBwrvm+cedCcQy"}],"_useOriginalSize":false,"_string":"+","_N$string":"+","_fontSize":20,"_lineHeight":20,"_enableWrapText":false,"_N$horizontalAlign":1,"_N$verticalAlign":1,"_N$overflow":1}],"_prefab":{"__type__":"cc.PrefabInfo","root":{"__id__":1},"asset":{"__uuid__":"31a00gviZEi7CDDabBLo52"},"fileId":"9dbnTLnLNLPa/byLekb4/C"},"_color":{"__type__":"cc.Color"},"_contentSize":{"__type__":"cc.Size","width":100,"height":40},"_trs":{"__type__":"TypedArray","ctor":"Float64Array","array":[0,0,0,0,0,0,1,1,1,1]}},{"__type__":"cc.Node","_name":"wg","_parent":{"__id__":44},"_children":[{"__id__":49}],"_components":[{"__type__":"cc.Sprite","node":{"__id__":48},"_materials":[{"__uuid__":"ecpdLyjvZBwrvm+cedCcQy"}],"_spriteFrame":{"__uuid__":"95i4uzCZVIIqyAWElpZcma"},"_type":1,"_sizeMode":0},{"__type__":"cc.Button","node":{"__id__":48},"clickEvents":[null],"_N$transition":2,"transition":2,"_N$pressedColor":{"__type__":"cc.Color","r":255,"g":255,"b":255},"pressedColor":{"__type__":"cc.Color","r":255,"g":255,"b":255},"_N$disabledColor":{"__type__":"cc.Color","r":255,"g":255,"b":255},"_N$normalSprite":{"__uuid__":"95i4uzCZVIIqyAWElpZcma"},"_N$target":{"__id__":48}},{"__type__":"3ccf8OmzbRD24WcSPqta64F","node":{"__id__":48}}],"_prefab":{"__type__":"cc.PrefabInfo","root":{"__id__":1},"asset":{"__uuid__":"31a00gviZEi7CDDabBLo52"},"fileId":"eall8eZUBLq7o6a39PdRz+"},"_opacity":128,"_contentSize":{"__type__":"cc.Size","width":100,"height":40},"_trs":{"__type__":"TypedArray","ctor":"Float64Array","array":[-82.5,0,0,0,0,0,1,1,1,1]}},{"__type__":"cc.Node","_name":"name","_parent":{"__id__":48},"_components":[{"__type__":"cc.Label","node":{"__id__":49},"_materials":[{"__uuid__":"ecpdLyjvZBwrvm+cedCcQy"}],"_useOriginalSize":false,"_string":"+","_N$string":"+","_fontSize":20,"_lineHeight":20,"_enableWrapText":false,"_N$horizontalAlign":1,"_N$verticalAlign":1,"_N$overflow":1}],"_prefab":{"__type__":"cc.PrefabInfo","root":{"__id__":1},"asset":{"__uuid__":"31a00gviZEi7CDDabBLo52"},"fileId":"0b4yZjR+FF0ZSGJdqlGXDi"},"_color":{"__type__":"cc.Color"},"_contentSize":{"__type__":"cc.Size","width":100,"height":40},"_trs":{"__type__":"TypedArray","ctor":"Float64Array","array":[0,0,0,0,0,0,1,1,1,1]}},{"__type__":"cc.Node","_name":"hr","_parent":{"__id__":30},"_components":[{"__type__":"cc.Sprite","node":{"__id__":50},"_materials":[{"__uuid__":"ecpdLyjvZBwrvm+cedCcQy"}],"_spriteFrame":{"__uuid__":"a2MjXRFdtLlYQ5ouAFv/+R"},"_sizeMode":0},{"__type__":"cc.Widget","node":{"__id__":50},"_alignFlags":40,"_left":25,"_right":20,"_originalWidth":100}],"_prefab":{"__type__":"cc.PrefabInfo","root":{"__id__":1},"asset":{"__uuid__":"31a00gviZEi7CDDabBLo52"},"fileId":"0c5hcB+A1K9LPq8OUwvAnf"},"_color":{"__type__":"cc.Color"},"_contentSize":{"__type__":"cc.Size","width":640,"height":2},"_trs":{"__type__":"TypedArray","ctor":"Float64Array","array":[2.5,-196,0,0,0,0,1,1,1,1]}},{"__type__":"cc.Node","_name":"laebel_zhuangbei","_parent":{"__id__":30},"_children":[{"__id__":52},{"__id__":53},{"__id__":57},{"__id__":61},{"__id__":65}],"_prefab":{"__type__":"cc.PrefabInfo","root":{"__id__":1},"asset":{"__uuid__":"31a00gviZEi7CDDabBLo52"},"fileId":"52CkvLgAxMQrIhVsu2xvyY"},"_contentSize":{"__type__":"cc.Size","width":623,"height":150},"_trs":{"__type__":"TypedArray","ctor":"Float64Array","array":[0,-282,0,0,0,0,1,1,1,1]}},{"__type__":"cc.Node","_name":"title","_parent":{"__id__":51},"_components":[{"__type__":"cc.Label","node":{"__id__":52},"_materials":[{"__uuid__":"ecpdLyjvZBwrvm+cedCcQy"}],"_useOriginalSize":false,"_string":"装备","_N$string":"装备","_fontSize":30,"_lineHeight":30,"_N$horizontalAlign":1,"_N$verticalAlign":1}],"_prefab":{"__type__":"cc.PrefabInfo","root":{"__id__":1},"asset":{"__uuid__":"31a00gviZEi7CDDabBLo52"},"fileId":"7eukVsXOBMoapw7wdv58jg"},"_color":{"__type__":"cc.Color"},"_contentSize":{"__type__":"cc.Size","width":60,"height":37.8},"_anchorPoint":{"__type__":"cc.Vec2","x":0.43333333333333335,"y":0.9232804232804233},"_trs":{"__type__":"TypedArray","ctor":"Float64Array","array":[-284,67.63400268554688,0,0,0,0,1,1,1,1]}},{"__type__":"cc.Node","_name":"wuqi","_parent":{"__id__":51},"_children":[{"__id__":54},{"__id__":55}],"_components":[{"__type__":"cc.Layout","node":{"__id__":53},"_layoutSize":{"__type__":"cc.Size","height":124.4},"_resize":1,"_N$layoutType":3}],"_prefab":{"__type__":"cc.PrefabInfo","root":{"__id__":1},"asset":{"__uuid__":"31a00gviZEi7CDDabBLo52"},"fileId":"79w32kK7hDBqoi1gS5Jad5"},"_contentSize":{"__type__":"cc.Size","height":124.4},"_trs":{"__type__":"TypedArray","ctor":"Float64Array","array":[-209,68,0,0,0,0,1,1,1,1]}},{"__type__":"cc.Node","_name":"label","_parent":{"__id__":53},"_components":[{"__type__":"cc.Label","node":{"__id__":54},"_materials":[{"__uuid__":"ecpdLyjvZBwrvm+cedCcQy"}],"_useOriginalSize":false,"_string":" 武器","_N$string":" 武器","_fontSize":20,"_lineHeight":20,"_N$horizontalAlign":1,"_N$verticalAlign":1}],"_prefab":{"__type__":"cc.PrefabInfo","root":{"__id__":1},"asset":{"__uuid__":"31a00gviZEi7CDDabBLo52"},"fileId":"eeH/0MIcROH5u+IDFBCGry"},"_color":{"__type__":"cc.Color"},"_contentSize":{"__type__":"cc.Size","width":45.56,"height":25.2},"_anchorPoint":{"__type__":"cc.Vec2","x":0.6975417032484635,"y":1.1746031746031746},"_trs":{"__type__":"TypedArray","ctor":"Float64Array","array":[0,0,0,0,0,0,1,1,1,1]}},{"__type__":"cc.Node","_name":"wg","_parent":{"__id__":53},"_children":[{"__id__":56}],"_components":[{"__type__":"cc.Sprite","node":{"__id__":55},"_materials":[{"__uuid__":"ecpdLyjvZBwrvm+cedCcQy"}],"_spriteFrame":{"__uuid__":"95i4uzCZVIIqyAWElpZcma"},"_type":1,"_sizeMode":0},{"__type__":"cc.Button","node":{"__id__":55},"clickEvents":[null],"_N$transition":2,"transition":2,"_N$pressedColor":{"__type__":"cc.Color","r":255,"g":255,"b":255},"pressedColor":{"__type__":"cc.Color","r":255,"g":255,"b":255},"_N$disabledColor":{"__type__":"cc.Color","r":255,"g":255,"b":255},"_N$normalSprite":{"__uuid__":"95i4uzCZVIIqyAWElpZcma"},"_N$target":{"__id__":55}},{"__type__":"3ccf8OmzbRD24WcSPqta64F","node":{"__id__":55}}],"_prefab":{"__type__":"cc.PrefabInfo","root":{"__id__":1},"asset":{"__uuid__":"31a00gviZEi7CDDabBLo52"},"fileId":"e8aDWXcJVKk7D92Z2ORhq7"},"_opacity":128,"_contentSize":{"__type__":"cc.Size","width":100,"height":40},"_anchorPoint":{"__type__":"cc.Vec2","x":0.59,"y":0.925},"_trs":{"__type__":"TypedArray","ctor":"Float64Array","array":[85,1,0,0,0,0,1,1,1,1]}},{"__type__":"cc.Node","_name":"name","_parent":{"__id__":55},"_components":[{"__type__":"cc.Label","node":{"__id__":56},"_materials":[{"__uuid__":"ecpdLyjvZBwrvm+cedCcQy"}],"_useOriginalSize":false,"_string":"+","_N$string":"+","_fontSize":20,"_lineHeight":20,"_enableWrapText":false,"_N$horizontalAlign":1,"_N$verticalAlign":1,"_N$overflow":1}],"_prefab":{"__type__":"cc.PrefabInfo","root":{"__id__":1},"asset":{"__uuid__":"31a00gviZEi7CDDabBLo52"},"fileId":"94QTLtTQ9PK4382o6ouy/h"},"_color":{"__type__":"cc.Color"},"_contentSize":{"__type__":"cc.Size","width":100,"height":40},"_anchorPoint":{"__type__":"cc.Vec2","x":0.59,"y":0.925},"_trs":{"__type__":"TypedArray","ctor":"Float64Array","array":[0,0,0,0,0,0,1,1,1,1]}},{"__type__":"cc.Node","_name":"yifu","_parent":{"__id__":51},"_children":[{"__id__":58},{"__id__":59}],"_components":[{"__type__":"cc.Layout","node":{"__id__":57},"_layoutSize":{"__type__":"cc.Size","height":124.4},"_resize":1,"_N$layoutType":3}],"_prefab":{"__type__":"cc.PrefabInfo","root":{"__id__":1},"asset":{"__uuid__":"31a00gviZEi7CDDabBLo52"},"fileId":"55MFnWcR9IF7dbAIk/+kgx"},"_contentSize":{"__type__":"cc.Size","height":124.4},"_trs":{"__type__":"TypedArray","ctor":"Float64Array","array":[-36,68,0,0,0,0,1,1,1,1]}},{"__type__":"cc.Node","_name":"label","_parent":{"__id__":57},"_components":[{"__type__":"cc.Label","node":{"__id__":58},"_materials":[{"__uuid__":"ecpdLyjvZBwrvm+cedCcQy"}],"_useOriginalSize":false,"_string":"衣服","_N$string":"衣服","_fontSize":20,"_lineHeight":20,"_N$horizontalAlign":1,"_N$verticalAlign":1}],"_prefab":{"__type__":"cc.PrefabInfo","root":{"__id__":1},"asset":{"__uuid__":"31a00gviZEi7CDDabBLo52"},"fileId":"1fdb0us9lG5rOgROcdtZBZ"},"_color":{"__type__":"cc.Color"},"_contentSize":{"__type__":"cc.Size","width":40,"height":25.2},"_anchorPoint":{"__type__":"cc.Vec2","x":0.7250000000000001,"y":1.1746031746031746},"_trs":{"__type__":"TypedArray","ctor":"Float64Array","array":[0,0,0,0,0,0,1,1,1,1]}},{"__type__":"cc.Node","_name":"wg","_parent":{"__id__":57},"_children":[{"__id__":60}],"_components":[{"__type__":"cc.Sprite","node":{"__id__":59},"_materials":[{"__uuid__":"ecpdLyjvZBwrvm+cedCcQy"}],"_spriteFrame":{"__uuid__":"95i4uzCZVIIqyAWElpZcma"},"_type":1,"_sizeMode":0},{"__type__":"cc.Button","node":{"__id__":59},"clickEvents":[null],"_N$transition":2,"transition":2,"_N$pressedColor":{"__type__":"cc.Color","r":255,"g":255,"b":255},"pressedColor":{"__type__":"cc.Color","r":255,"g":255,"b":255},"_N$disabledColor":{"__type__":"cc.Color","r":255,"g":255,"b":255},"_N$normalSprite":{"__uuid__":"95i4uzCZVIIqyAWElpZcma"},"_N$target":{"__id__":59}},{"__type__":"3ccf8OmzbRD24WcSPqta64F","node":{"__id__":59}}],"_prefab":{"__type__":"cc.PrefabInfo","root":{"__id__":1},"asset":{"__uuid__":"31a00gviZEi7CDDabBLo52"},"fileId":"f8w6edBeVMt7QAmNdQZciV"},"_opacity":128,"_contentSize":{"__type__":"cc.Size","width":100,"height":40},"_anchorPoint":{"__type__":"cc.Vec2","x":0.59,"y":0.925},"_trs":{"__type__":"TypedArray","ctor":"Float64Array","array":[85,1,0,0,0,0,1,1,1,1]}},{"__type__":"cc.Node","_name":"name","_parent":{"__id__":59},"_components":[{"__type__":"cc.Label","node":{"__id__":60},"_materials":[{"__uuid__":"ecpdLyjvZBwrvm+cedCcQy"}],"_useOriginalSize":false,"_string":"+","_N$string":"+","_fontSize":20,"_lineHeight":20,"_enableWrapText":false,"_N$horizontalAlign":1,"_N$verticalAlign":1,"_N$overflow":1}],"_prefab":{"__type__":"cc.PrefabInfo","root":{"__id__":1},"asset":{"__uuid__":"31a00gviZEi7CDDabBLo52"},"fileId":"fcaVpIPL5BJ65FoKaXG2K7"},"_color":{"__type__":"cc.Color"},"_contentSize":{"__type__":"cc.Size","width":100,"height":40},"_anchorPoint":{"__type__":"cc.Vec2","x":0.59,"y":0.925},"_trs":{"__type__":"TypedArray","ctor":"Float64Array","array":[0,0,0,0,0,0,1,1,1,1]}},{"__type__":"cc.Node","_name":"xiezi","_parent":{"__id__":51},"_children":[{"__id__":62},{"__id__":63}],"_active":false,"_components":[{"__type__":"cc.Layout","node":{"__id__":61},"_layoutSize":{"__type__":"cc.Size","height":124.4},"_resize":1,"_N$layoutType":3}],"_prefab":{"__type__":"cc.PrefabInfo","root":{"__id__":1},"asset":{"__uuid__":"31a00gviZEi7CDDabBLo52"},"fileId":"d2l9Nwz2hPdog8tkYybbYJ"},"_contentSize":{"__type__":"cc.Size","height":124.4},"_trs":{"__type__":"TypedArray","ctor":"Float64Array","array":[-209,-5,0,0,0,0,1,1,1,1]}},{"__type__":"cc.Node","_name":"label","_parent":{"__id__":61},"_components":[{"__type__":"cc.Label","node":{"__id__":62},"_materials":[{"__uuid__":"ecpdLyjvZBwrvm+cedCcQy"}],"_useOriginalSize":false,"_string":"鞋子","_N$string":"鞋子","_fontSize":20,"_lineHeight":20,"_N$horizontalAlign":1,"_N$verticalAlign":1}],"_prefab":{"__type__":"cc.PrefabInfo","root":{"__id__":1},"asset":{"__uuid__":"31a00gviZEi7CDDabBLo52"},"fileId":"28wU28mKFKJZ6UhHUdr8cC"},"_color":{"__type__":"cc.Color"},"_contentSize":{"__type__":"cc.Size","width":40,"height":25.2},"_anchorPoint":{"__type__":"cc.Vec2","x":0.7250000000000001,"y":1.1746031746031746},"_trs":{"__type__":"TypedArray","ctor":"Float64Array","array":[0,0,0,0,0,0,1,1,1,1]}},{"__type__":"cc.Node","_name":"wg","_parent":{"__id__":61},"_children":[{"__id__":64}],"_components":[{"__type__":"cc.Sprite","node":{"__id__":63},"_materials":[{"__uuid__":"ecpdLyjvZBwrvm+cedCcQy"}],"_spriteFrame":{"__uuid__":"95i4uzCZVIIqyAWElpZcma"},"_type":1,"_sizeMode":0},{"__type__":"cc.Button","node":{"__id__":63},"clickEvents":[null],"_N$transition":2,"transition":2,"_N$pressedColor":{"__type__":"cc.Color","r":255,"g":255,"b":255},"pressedColor":{"__type__":"cc.Color","r":255,"g":255,"b":255},"_N$disabledColor":{"__type__":"cc.Color","r":255,"g":255,"b":255},"_N$normalSprite":{"__uuid__":"95i4uzCZVIIqyAWElpZcma"},"_N$target":{"__id__":63}},{"__type__":"3ccf8OmzbRD24WcSPqta64F","node":{"__id__":63}}],"_prefab":{"__type__":"cc.PrefabInfo","root":{"__id__":1},"asset":{"__uuid__":"31a00gviZEi7CDDabBLo52"},"fileId":"b45viZd19JWpn4J+jLRwcA"},"_opacity":128,"_contentSize":{"__type__":"cc.Size","width":100,"height":40},"_anchorPoint":{"__type__":"cc.Vec2","x":0.59,"y":0.925},"_trs":{"__type__":"TypedArray","ctor":"Float64Array","array":[85,1,0,0,0,0,1,1,1,1]}},{"__type__":"cc.Node","_name":"name","_parent":{"__id__":63},"_components":[{"__type__":"cc.Label","node":{"__id__":64},"_materials":[{"__uuid__":"ecpdLyjvZBwrvm+cedCcQy"}],"_useOriginalSize":false,"_string":"+","_N$string":"+","_fontSize":20,"_lineHeight":20,"_enableWrapText":false,"_N$horizontalAlign":1,"_N$verticalAlign":1,"_N$overflow":1}],"_prefab":{"__type__":"cc.PrefabInfo","root":{"__id__":1},"asset":{"__uuid__":"31a00gviZEi7CDDabBLo52"},"fileId":"c5mwmHxHJHyqREy9S428CR"},"_color":{"__type__":"cc.Color"},"_contentSize":{"__type__":"cc.Size","width":100,"height":40},"_anchorPoint":{"__type__":"cc.Vec2","x":0.59,"y":0.925},"_trs":{"__type__":"TypedArray","ctor":"Float64Array","array":[0,0,0,0,0,0,1,1,1,1]}},{"__type__":"cc.Node","_name":"yaodai","_parent":{"__id__":51},"_children":[{"__id__":66},{"__id__":67}],"_components":[{"__type__":"cc.Layout","node":{"__id__":65},"_layoutSize":{"__type__":"cc.Size","height":124.4},"_resize":1,"_N$layoutType":3}],"_prefab":{"__type__":"cc.PrefabInfo","root":{"__id__":1},"asset":{"__uuid__":"31a00gviZEi7CDDabBLo52"},"fileId":"4ehixjXzhABaYnAds4jdZE"},"_contentSize":{"__type__":"cc.Size","height":124.4},"_trs":{"__type__":"TypedArray","ctor":"Float64Array","array":[152,68,0,0,0,0,1,1,1,1]}},{"__type__":"cc.Node","_name":"label","_parent":{"__id__":65},"_components":[{"__type__":"cc.Label","node":{"__id__":66},"_materials":[{"__uuid__":"ecpdLyjvZBwrvm+cedCcQy"}],"_useOriginalSize":false,"_string":"腰带","_N$string":"腰带","_fontSize":20,"_lineHeight":20,"_N$horizontalAlign":1,"_N$verticalAlign":1}],"_prefab":{"__type__":"cc.PrefabInfo","root":{"__id__":1},"asset":{"__uuid__":"31a00gviZEi7CDDabBLo52"},"fileId":"31PCcaLZdAKamyCvSNcx13"},"_color":{"__type__":"cc.Color"},"_contentSize":{"__type__":"cc.Size","width":40,"height":25.2},"_anchorPoint":{"__type__":"cc.Vec2","x":0.7250000000000001,"y":1.1746031746031746},"_trs":{"__type__":"TypedArray","ctor":"Float64Array","array":[0,0,0,0,0,0,1,1,1,1]}},{"__type__":"cc.Node","_name":"wg","_parent":{"__id__":65},"_children":[{"__id__":68}],"_components":[{"__type__":"cc.Sprite","node":{"__id__":67},"_materials":[{"__uuid__":"ecpdLyjvZBwrvm+cedCcQy"}],"_spriteFrame":{"__uuid__":"95i4uzCZVIIqyAWElpZcma"},"_type":1,"_sizeMode":0},{"__type__":"cc.Button","node":{"__id__":67},"clickEvents":[null],"_N$transition":2,"transition":2,"_N$pressedColor":{"__type__":"cc.Color","r":255,"g":255,"b":255},"pressedColor":{"__type__":"cc.Color","r":255,"g":255,"b":255},"_N$disabledColor":{"__type__":"cc.Color","r":255,"g":255,"b":255},"_N$normalSprite":{"__uuid__":"95i4uzCZVIIqyAWElpZcma"},"_N$target":{"__id__":67}},{"__type__":"3ccf8OmzbRD24WcSPqta64F","node":{"__id__":67}}],"_prefab":{"__type__":"cc.PrefabInfo","root":{"__id__":1},"asset":{"__uuid__":"31a00gviZEi7CDDabBLo52"},"fileId":"1fBk1IHbtL0bcBa+2rHO4W"},"_opacity":128,"_contentSize":{"__type__":"cc.Size","width":100,"height":40},"_anchorPoint":{"__type__":"cc.Vec2","x":0.59,"y":0.925},"_trs":{"__type__":"TypedArray","ctor":"Float64Array","array":[85,1,0,0,0,0,1,1,1,1]}},{"__type__":"cc.Node","_name":"name","_parent":{"__id__":67},"_components":[{"__type__":"cc.Label","node":{"__id__":68},"_materials":[{"__uuid__":"ecpdLyjvZBwrvm+cedCcQy"}],"_useOriginalSize":false,"_string":"+","_N$string":"+","_fontSize":20,"_lineHeight":20,"_enableWrapText":false,"_N$horizontalAlign":1,"_N$verticalAlign":1,"_N$overflow":1}],"_prefab":{"__type__":"cc.PrefabInfo","root":{"__id__":1},"asset":{"__uuid__":"31a00gviZEi7CDDabBLo52"},"fileId":"d0O22+ROtHArxnZ2wKgUrm"},"_color":{"__type__":"cc.Color"},"_contentSize":{"__type__":"cc.Size","width":100,"height":40},"_anchorPoint":{"__type__":"cc.Vec2","x":0.59,"y":0.925},"_trs":{"__type__":"TypedArray","ctor":"Float64Array","array":[0,0,0,0,0,0,1,1,1,1]}}]