[{"__type__":"cc.Prefab","_name":"title","data":{"__id__":1}},{"__type__":"cc.Node","_name":"title","_children":[{"__id__":2}],"_components":[{"__type__":"cc.Sprite","node":{"__id__":1},"_spriteFrame":{"__uuid__":"a2MjXRFdtLlYQ5ouAFv/+R"},"_type":1,"_sizeMode":0},{"__type__":"d998cU+d3JE1oiMNHk5+9cd","node":{"__id__":1}},{"__type__":"cc.Button","node":{"__id__":1},"_N$transition":1,"transition":1,"_N$normalColor":{"__type__":"cc.Color","r":162,"g":172,"b":61},"_N$pressedColor":{"__type__":"cc.Color","r":78,"g":84,"b":53},"pressedColor":{"__type__":"cc.Color","r":78,"g":84,"b":53},"_N$hoverColor":{"__type__":"cc.Color","r":2,"g":2,"b":1},"hoverColor":{"__type__":"cc.Color","r":2,"g":2,"b":1},"_N$target":{"__id__":1}}],"_prefab":{"__type__":"cc.PrefabInfo","root":{"__id__":1},"asset":{"__uuid__":"58D6x0sOlPuLDZYQ71ZfOA"},"fileId":"4cVWGuBgtEoZBMHH9t6MHp"},"_color":{"__type__":"cc.Color","r":162,"g":172,"b":61},"_contentSize":{"__type__":"cc.Size","width":50,"height":30},"_anchorPoint":{"__type__":"cc.Vec2"},"_trs":{"__type__":"TypedArray","ctor":"Float64Array","array":[10,0,0,0,0,0,0,1,1,1]}},{"__type__":"cc.Node","_name":"tabitem","_parent":{"__id__":1},"_components":[{"__type__":"cc.Label","node":{"__id__":2},"_useOriginalSize":false,"_string":"物品","_N$string":"物品","_fontSize":20,"_lineHeight":20,"_N$horizontalAlign":1,"_N$verticalAlign":1},{"__type__":"cc.Widget","node":{"__id__":2},"_wasAlignOnce":{},"isAlignOnce":{},"_alignFlags":18}],"_prefab":{"__type__":"cc.PrefabInfo","root":{"__id__":1},"asset":{"__uuid__":"58D6x0sOlPuLDZYQ71ZfOA"},"fileId":"b1Dzn0TTlI+5+an0cbYAi0"},"_color":{"__type__":"cc.Color"},"_contentSize":{"__type__":"cc.Size","width":40,"height":20},"_anchorPoint":{"__type__":"cc.Vec2"},"_trs":{"__type__":"TypedArray","ctor":"Float64Array","array":[5,5,0,0,0,0,0,1,1,1]}}]