[{"__type__":"cc.Prefab","_name":"chuang","data":{"__id__":1}},{"__type__":"cc.Node","_name":"chuang","_children":[{"__id__":2}],"_components":[{"__type__":"cc.Sprite","node":{"__id__":1},"_materials":[{"__uuid__":"ecpdLyjvZBwrvm+cedCcQy"}],"_spriteFrame":{"__uuid__":"f25NUH2shCzKnlCcDX1EJq"}},{"__type__":"63ac33OjiRIvIrPkrNeyqkT","node":{"__id__":1}},{"__type__":"cc.PolygonCollider","node":{"__id__":1},"points":[{"__type__":"cc.Vec2","x":-203.6,"y":33.9},{"__type__":"cc.Vec2","x":-107.6,"y":-12.8},{"__type__":"cc.Vec2","x":33,"y":64},{"__type__":"cc.Vec2","x":-57,"y":111}]}],"_prefab":{"__type__":"cc.PrefabInfo","root":{"__id__":1},"asset":{"__uuid__":"92mT3IXfRMtbRBy+1a9LiS"},"fileId":"46T5wa+YpLaZo7mM4pDfMg"},"_contentSize":{"__type__":"cc.Size","width":213,"height":193},"_anchorPoint":{"__type__":"cc.Vec2","x":0.9335471206894388,"y":0.09996412366861684},"_trs":{"__type__":"TypedArray","ctor":"Float64Array","array":[-159.189,-57.15,0,0,0,0.10641158316985233,0.9943221685989333,0.667,0.667,0.667]},"_eulerAngles":{"__type__":"cc.Vec3","z":12.216999999999999},"_groupIndex":5,"groupIndex":5},{"__type__":"cc.Node","_name":"ok","_parent":{"__id__":1},"_children":[{"__id__":3}],"_active":false,"_components":[{"__type__":"cc.Button","node":{"__id__":2},"clickEvents":[{"__type__":"cc.ClickEvent","target":{"__id__":1},"_componentId":"63ac33OjiRIvIrPkrNeyqkT","handler":"onOK"}],"_N$transition":2,"transition":2,"_N$normalColor":{"__type__":"cc.Color","r":230,"g":230,"b":230},"_N$pressedColor":{"__type__":"cc.Color","r":200,"g":200,"b":200},"pressedColor":{"__type__":"cc.Color","r":200,"g":200,"b":200},"_N$disabledColor":{"__type__":"cc.Color","r":120,"g":120,"b":120,"a":200},"_N$normalSprite":{"__uuid__":"f0BIwQ8D5Ml7nTNQbh1YlS"},"_N$pressedSprite":{"__uuid__":"e97GVMl6JHh5Ml5qEDdSGa"},"pressedSprite":{"__uuid__":"e97GVMl6JHh5Ml5qEDdSGa"},"_N$hoverSprite":{"__uuid__":"f0BIwQ8D5Ml7nTNQbh1YlS"},"hoverSprite":{"__uuid__":"f0BIwQ8D5Ml7nTNQbh1YlS"},"_N$disabledSprite":{"__uuid__":"29FYIk+N1GYaeWH/q1NxQO"},"_N$target":{"__id__":3}}],"_prefab":{"__type__":"cc.PrefabInfo","root":{"__id__":1},"asset":{"__uuid__":"92mT3IXfRMtbRBy+1a9LiS"},"fileId":"d7ZudSUldD7JvGVma3bKvv"},"_contentSize":{"__type__":"cc.Size","width":100,"height":40},"_trs":{"__type__":"TypedArray","ctor":"Float64Array","array":[147.24999999999997,104.87300000000002,0,0,0,-0.10641158316985233,0.9943221685989333,1.49925,1.49925,1.49925]},"_eulerAngles":{"__type__":"cc.Vec3","z":-12.216999999999999}},{"__type__":"cc.Node","_name":"Background","_parent":{"__id__":2},"_children":[{"__id__":4}],"_components":[{"__type__":"cc.Sprite","node":{"__id__":3},"_materials":[{"__uuid__":"ecpdLyjvZBwrvm+cedCcQy"}],"_spriteFrame":{"__uuid__":"f0BIwQ8D5Ml7nTNQbh1YlS"},"_type":1,"_sizeMode":0},{"__type__":"cc.Widget","node":{"__id__":3},"alignMode":0,"_alignFlags":45,"_originalWidth":100,"_originalHeight":40}],"_prefab":{"__type__":"cc.PrefabInfo","root":{"__id__":1},"asset":{"__uuid__":"92mT3IXfRMtbRBy+1a9LiS"},"fileId":"0bzT1Gaf1NYIBn2OixRvCb"},"_contentSize":{"__type__":"cc.Size","width":100,"height":40},"_trs":{"__type__":"TypedArray","ctor":"Float64Array","array":[0,0,0,0,0,0,1,1,1,1]}},{"__type__":"cc.Node","_name":"Label","_parent":{"__id__":3},"_components":[{"__type__":"cc.Label","node":{"__id__":4},"_materials":[{"__uuid__":"ecpdLyjvZBwrvm+cedCcQy"}],"_useOriginalSize":false,"_string":"确定","_N$string":"确定","_fontSize":20,"_enableWrapText":false,"_N$horizontalAlign":1,"_N$verticalAlign":1,"_N$overflow":1}],"_prefab":{"__type__":"cc.PrefabInfo","root":{"__id__":1},"asset":{"__uuid__":"92mT3IXfRMtbRBy+1a9LiS"},"fileId":"d4VpyKbllOM51heln9jzXc"},"_color":{"__type__":"cc.Color"},"_contentSize":{"__type__":"cc.Size","width":100,"height":40},"_trs":{"__type__":"TypedArray","ctor":"Float64Array","array":[0,0,0,0,0,0,1,1,1,1]}}]