[{"__type__":"cc.SpriteFrame","content":{"name":"title","texture":"0el349/xJL3YGrq6/F0g2j","rect":[3,10,76,307],"offset":[-5,-3.5],"originalSize":[92,320],"capInsets":[0,0,0,0]}},{"__type__":"cc.SpriteFrame","content":{"name":"bg","texture":"ffQgNB1OVP7KGEN54cJwkT","rect":[0,0,640,576],"offset":[0,0],"originalSize":[640,576],"capInsets":[0,0,0,0]}},{"__type__":"cc.SpriteFrame","content":{"name":"player","texture":"d7cq+8bBRH65OlGYHKTpUe","rect":[9,0,16,32],"offset":[1,0],"originalSize":[32,32],"capInsets":[0,0,0,0]}},[{"__type__":"cc.SceneAsset","_name":"mjtiledmap","scene":{"__id__":1},"asyncLoadAssets":null},{"__type__":"cc.Scene","_name":"New Node","_children":[{"__id__":2}],"_anchorPoint":{"__type__":"cc.Vec2"},"_trs":{"__type__":"TypedArray","ctor":"Float64Array","array":[0,0,0,0,0,0,1,1,1,1]},"autoReleaseAssets":false},{"__type__":"cc.Node","_name":"Canvas","_parent":{"__id__":1},"_children":[{"__id__":3},{"__id__":4},{"__id__":5},{"__id__":17}],"_components":[{"__type__":"cc.Canvas","node":{"__id__":2},"_fitWidth":true}],"_contentSize":{"__type__":"cc.Size","width":960,"height":640},"_trs":{"__type__":"TypedArray","ctor":"Float64Array","array":[480,320,0,0,0,0,1,1,1,1]},"_id":"6fmI14ry5NYoQR73v3ZLQw"},{"__type__":"cc.Node","_name":"Main Camera","_parent":{"__id__":2},"_components":[{"__type__":"cc.Camera","node":{"__id__":3},"_clearFlags":7,"_depth":-1,"_nearClip":0.1}],"_trs":{"__type__":"TypedArray","ctor":"Float64Array","array":[0,0,299.7512314077541,0,0,0,1,1,1,1]}},{"__type__":"cc.Node","_name":"bg","_parent":{"__id__":2},"_components":[{"__type__":"cc.Sprite","node":{"__id__":4},"_materials":[{"__uuid__":"ecpdLyjvZBwrvm+cedCcQy"}],"_spriteFrame":{"__uuid__":"3ecwUWiZFHK6djFCezzgiL"},"_sizeMode":0}],"_contentSize":{"__type__":"cc.Size","width":814,"height":661},"_trs":{"__type__":"TypedArray","ctor":"Float64Array","array":[-6,-12,0,0,0,0,1,1,1,1]}},{"__type__":"cc.Node","_name":"map","_parent":{"__id__":2},"_children":[{"__id__":6},{"__id__":7},{"__id__":8},{"__id__":9},{"__id__":11},{"__id__":12},{"__id__":13},{"__id__":14},{"__id__":15}],"_components":[{"__type__":"cc.TiledMap","node":{"__id__":5},"_tmxFile":{"__uuid__":"f84WSpPhxOH7OuWb0qdNwA"}},{"__type__":"22ee9VG+2VM86d75n1W7+fH","node":{"__id__":5}}],"_contentSize":{"__type__":"cc.Size","width":640,"height":576},"_anchorPoint":{"__type__":"cc.Vec2"},"_trs":{"__type__":"TypedArray","ctor":"Float64Array","array":[-275.697998046875,-284.6310119628906,0,0,0,0,1,1,1,1]}},{"__type__":"cc.Node","_name":"map","_parent":{"__id__":5},"_components":[{"__type__":"cc.TiledLayer","node":{"__id__":6},"_materials":[{"__uuid__":"ecpdLyjvZBwrvm+cedCcQy"}]}],"_contentSize":{"__type__":"cc.Size","width":640,"height":576},"_anchorPoint":{"__type__":"cc.Vec2"},"_trs":{"__type__":"TypedArray","ctor":"Float64Array","array":[0,0,0,0,0,0,1,1,1,1]}},{"__type__":"cc.Node","_name":"boss_dead","_parent":{"__id__":5},"_components":[{"__type__":"cc.TiledLayer","node":{"__id__":7},"_materials":[{"__uuid__":"ecpdLyjvZBwrvm+cedCcQy"}]}],"_contentSize":{"__type__":"cc.Size","width":640,"height":576},"_anchorPoint":{"__type__":"cc.Vec2"},"_trs":{"__type__":"TypedArray","ctor":"Float64Array","array":[0,0,0,0,0,0,1,1,1,1]}},{"__type__":"cc.Node","_name":"boss","_parent":{"__id__":5},"_components":[{"__type__":"cc.TiledLayer","node":{"__id__":8},"_materials":[{"__uuid__":"ecpdLyjvZBwrvm+cedCcQy"}]}],"_contentSize":{"__type__":"cc.Size","width":640,"height":576},"_anchorPoint":{"__type__":"cc.Vec2"},"_trs":{"__type__":"TypedArray","ctor":"Float64Array","array":[0,0,0,0,0,0,1,1,1,1]}},{"__type__":"cc.Node","_name":"players","_parent":{"__id__":5},"_children":[{"__id__":10}],"_active":false,"_components":[{"__type__":"cc.TiledObjectGroup","node":{"__id__":9}}],"_contentSize":{"__type__":"cc.Size","width":640,"height":576},"_trs":{"__type__":"TypedArray","ctor":"Float64Array","array":[320,288,0,0,0,0,1,1,1,1]}},{"__type__":"cc.Node","_name":"img20","_parent":{"__id__":9},"_components":[{"__type__":"cc.Sprite","node":{"__id__":10},"_materials":[{"__uuid__":"ecpdLyjvZBwrvm+cedCcQy"}]}],"_contentSize":{"__type__":"cc.Size","width":32,"height":32},"_anchorPoint":{"__type__":"cc.Vec2"},"_trs":{"__type__":"TypedArray","ctor":"Float64Array","array":[-288,-64,0,0,0,0,1,1,1,1]}},{"__type__":"cc.Node","_name":"open_baoxiang","_parent":{"__id__":5},"_components":[{"__type__":"cc.TiledLayer","node":{"__id__":11},"_materials":[{"__uuid__":"ecpdLyjvZBwrvm+cedCcQy"}]}],"_contentSize":{"__type__":"cc.Size","width":640,"height":576},"_anchorPoint":{"__type__":"cc.Vec2"},"_trs":{"__type__":"TypedArray","ctor":"Float64Array","array":[0,0,0,0,0,0,1,1,1,1]}},{"__type__":"cc.Node","_name":"close_baoxiang","_parent":{"__id__":5},"_components":[{"__type__":"cc.TiledLayer","node":{"__id__":12},"_materials":[{"__uuid__":"ecpdLyjvZBwrvm+cedCcQy"}]}],"_contentSize":{"__type__":"cc.Size","width":640,"height":576},"_anchorPoint":{"__type__":"cc.Vec2"},"_trs":{"__type__":"TypedArray","ctor":"Float64Array","array":[0,0,0,0,0,0,1,1,1,1]}},{"__type__":"cc.Node","_name":"end","_parent":{"__id__":5},"_components":[{"__type__":"cc.TiledLayer","node":{"__id__":13},"_materials":[{"__uuid__":"ecpdLyjvZBwrvm+cedCcQy"}]}],"_contentSize":{"__type__":"cc.Size","width":640,"height":576},"_anchorPoint":{"__type__":"cc.Vec2"},"_trs":{"__type__":"TypedArray","ctor":"Float64Array","array":[0,0,0,0,0,0,1,1,1,1]}},{"__type__":"cc.Node","_name":"meizhuang_bg","_parent":{"__id__":5},"_components":[{"__type__":"cc.Sprite","node":{"__id__":14}}],"_trs":{"__type__":"TypedArray","ctor":"Float64Array","array":[0,0,0,0,0,0,1,1,1,1]}},{"__type__":"cc.Node","_name":"player","_parent":{"__id__":5},"_children":[{"__id__":16}],"_contentSize":{"__type__":"cc.Size","width":32,"height":32},"_anchorPoint":{"__type__":"cc.Vec2"},"_trs":{"__type__":"TypedArray","ctor":"Float64Array","array":[108,32.74800109863281,0,0,0,0,1,1,1,1]}},{"__type__":"cc.Node","_name":"bg","_parent":{"__id__":15},"_components":[{"__type__":"cc.Sprite","node":{"__id__":16},"_materials":[{"__uuid__":"ecpdLyjvZBwrvm+cedCcQy"}],"_spriteFrame":{"__uuid__":"43BsdSKO5HeIBVbKXre2qn"}},{"__type__":"cc.Widget","node":{"__id__":16},"_alignFlags":16}],"_contentSize":{"__type__":"cc.Size","width":16,"height":32},"_anchorPoint":{"__type__":"cc.Vec2"},"_trs":{"__type__":"TypedArray","ctor":"Float64Array","array":[8,0,0,0,0,0,1,1,1,1]}},{"__type__":"cc.Node","_name":"title","_parent":{"__id__":2},"_components":[{"__type__":"cc.Sprite","node":{"__id__":17},"_materials":[{"__uuid__":"ecpdLyjvZBwrvm+cedCcQy"}],"_spriteFrame":{"__uuid__":"2eOrM8z59GVpDU2UY+Kfga"}}],"_contentSize":{"__type__":"cc.Size","width":76,"height":307},"_trs":{"__type__":"TypedArray","ctor":"Float64Array","array":[-339.06500244140625,23.19099998474121,0,0,0,0,1,1,1,1]}}]]