[{"__type__":"cc.SpriteFrame","content":{"name":"6","texture":"5aBZvEIiVMQ6FsjLjIugxY","rect":[0,0,75,110],"offset":[0,0],"originalSize":[75,110],"capInsets":[0,0,0,0]}},{"__type__":"cc.SpriteFrame","content":{"name":"4","texture":"bfWp7Q/UVLsKMZwr4CJM6a","rect":[0,0,59,101],"offset":[0,0],"originalSize":[59,101],"capInsets":[0,0,0,0]}},{"__type__":"cc.SpriteFrame","content":{"name":"7","texture":"22YlWHTAFM9Y/trFuz3OP3","rect":[0,0,80,110],"offset":[0,0],"originalSize":[80,110],"capInsets":[0,0,0,0]}},{"__type__":"cc.SpriteFrame","content":{"name":"2","texture":"0a6kN/yBNC2omTjWSthamQ","rect":[0,0,70,110],"offset":[0,0],"originalSize":[70,110],"capInsets":[0,0,0,0]}},{"__type__":"cc.AnimationClip","_name":"player_ack","_duration":0.7,"curveData":{"comps":{"cc.Sprite":{"spriteFrame":[{"frame":0,"value":{"__uuid__":"957rap8CFDf43RbIwxb1RR"}},{"frame":0.06666666666666667,"value":{"__uuid__":"62tnBWcZFHyquGq0M8UY7D"}},{"frame":0.15,"value":{"__uuid__":"c6DHcqvcRMOahmnQ7wvBw7"}},{"frame":0.25,"value":{"__uuid__":"1fUAbJPF1E/4DJkFKULQT/"}},{"frame":0.3333333333333333,"value":{"__uuid__":"ce97s5nKxGVL01w0CsTPGF"}},{"frame":0.4166666666666667,"value":{"__uuid__":"09f3XZzCRA+YIVKd5GjAyo"}},{"frame":0.5,"value":{"__uuid__":"5aVNpjoOROarGUd+2moMbg"}},{"frame":0.5833333333333334,"value":{"__uuid__":"ecluBXr89PRZuily7W2ZZk"}},{"frame":0.6833333333333333,"value":{"__uuid__":"957rap8CFDf43RbIwxb1RR"}}]}}},"events":[{"frame":0.3333333333333333,"func":"jumpback","params":[]}]},{"__type__":"cc.SpriteFrame","content":{"name":"1","texture":"3axY69n9tOTL+zomoNe4sJ","rect":[0,0,67,110],"offset":[0,0],"originalSize":[67,110],"capInsets":[0,0,0,0]}},{"__type__":"cc.SpriteFrame","content":{"name":"3","texture":"a6zlnkVjBPqYBTvcI9+SYT","rect":[0,0,52,94],"offset":[0,0],"originalSize":[52,94],"capInsets":[0,0,0,0]}},{"__type__":"cc.SpriteFrame","content":{"name":"5","texture":"1faytgc7tMKoWggeFKJGqI","rect":[0,0,75,110],"offset":[0,0],"originalSize":[75,110],"capInsets":[0,0,0,0]}},{"__type__":"cc.SpriteFrame","content":{"name":"8","texture":"b6lScrcaJEMJcKVCGvr2a4","rect":[0,0,84,110],"offset":[0,0],"originalSize":[84,110],"capInsets":[0,0,0,0]}}]