[{"__type__":"cc.AnimationClip","_name":"liumai","_duration":0.26666666666666666,"wrapMode":2,"curveData":{"comps":{"cc.Sprite":{"spriteFrame":[{"frame":0,"value":{"__uuid__":"9awpZGPS5EQrMFYq92dsPg"}},{"frame":0.08333333333333333,"value":{"__uuid__":"basyyKRgdHHqQJWqu1N3zC"}},{"frame":0.16666666666666666,"value":{"__uuid__":"c8U2f2bpxGjIqtacmj88Ny"}},{"frame":0.25,"value":{"__uuid__":"5ecBjut/ZGB5Wzpbu+GF5k"}}]}}}},{"__type__":"cc.SpriteFrame","content":{"name":"六脉4","texture":"77Vuc+gkxPq7/bTPU6qgFz","rect":[4,4,273,105],"offset":[0.5,0.5],"originalSize":[280,114],"capInsets":[0,0,0,0]}},{"__type__":"cc.SpriteFrame","content":{"name":"六脉1","texture":"fdW1sfdBJHgaXxHmHYpC2q","rect":[7,1,272,108],"offset":[3,2],"originalSize":[280,114],"capInsets":[0,0,0,0]}},{"__type__":"cc.SpriteFrame","content":{"name":"六脉2","texture":"14G6KTHNVCr5qlXHzySK7I","rect":[7,4,270,105],"offset":[2,0.5],"originalSize":[280,114],"capInsets":[0,0,0,0]}},{"__type__":"cc.SpriteFrame","content":{"name":"六脉3","texture":"09Yj3v39FEIrxE3rizyQHk","rect":[6,4,271,105],"offset":[1.5,0.5],"originalSize":[280,114],"capInsets":[0,0,0,0]}}]