{"__type__":"dragonBones.DragonBonesAtlasAsset","_name":"SwordsMan_tex","_atlasJson":"{\"width\":1024,\"SubTexture\":[{\"width\":271,\"y\":424,\"height\":76,\"name\":\"qqqqq\",\"x\":273},{\"frameY\":0,\"y\":975,\"frameWidth\":278,\"frameHeight\":15,\"width\":277,\"height\":15,\"name\":\"effect4\",\"frameX\":0,\"x\":1},{\"frameY\":0,\"y\":586,\"frameWidth\":201,\"frameHeight\":76,\"width\":200,\"height\":76,\"name\":\"effect1\",\"frameX\":0,\"x\":220},{\"frameY\":0,\"y\":641,\"frameWidth\":264,\"frameHeight\":45,\"width\":263,\"height\":45,\"name\":\"effect3\",\"frameX\":-1,\"x\":640},{\"width\":215,\"y\":963,\"height\":10,\"name\":\"effect5\",\"x\":1},{\"frameY\":0,\"y\":618,\"frameWidth\":188,\"frameHeight\":72,\"width\":186,\"height\":72,\"name\":\"effect2\",\"frameX\":-1,\"x\":1},{\"width\":367,\"y\":1,\"height\":263,\"name\":\"feng1\",\"x\":1},{\"width\":71,\"y\":701,\"height\":119,\"name\":\"huo1\",\"x\":454},{\"width\":81,\"y\":179,\"height\":79,\"name\":\"huo2\",\"x\":939},{\"width\":37,\"y\":681,\"height\":90,\"name\":\"fii2\",\"x\":955},{\"width\":39,\"y\":844,\"height\":95,\"name\":\"fii3\",\"x\":49},{\"width\":39,\"y\":844,\"height\":90,\"name\":\"fiii1\",\"x\":90},{\"width\":201,\"y\":1,\"height\":176,\"name\":\"fasheqi\",\"x\":737},{\"width\":95,\"y\":919,\"height\":54,\"name\":\"zuowangx1\",\"x\":234},{\"width\":52,\"y\":924,\"height\":52,\"name\":\"zuozhangx2\",\"x\":385},{\"width\":75,\"y\":357,\"height\":87,\"name\":\"zuojian2\",\"x\":910},{\"width\":102,\"y\":830,\"height\":92,\"name\":\"zuobi2\",\"x\":372},{\"width\":25,\"y\":923,\"height\":31,\"name\":\"kuabu2\",\"x\":204},{\"width\":93,\"y\":796,\"height\":57,\"name\":\"zuoxie21\",\"x\":152},{\"width\":66,\"y\":664,\"height\":34,\"name\":\"zuoxie2\",\"x\":372},{\"width\":92,\"y\":266,\"height\":128,\"name\":\"zuojiao1\",\"x\":273},{\"width\":18,\"y\":936,\"height\":22,\"name\":\"guang12_1\",\"x\":90},{\"width\":17,\"y\":521,\"height\":59,\"name\":\"guang11\",\"x\":1002},{\"width\":85,\"y\":524,\"height\":109,\"name\":\"zuotui1\",\"x\":811},{\"width\":46,\"y\":772,\"height\":86,\"name\":\"guang10\",\"x\":1},{\"width\":136,\"y\":438,\"height\":132,\"name\":\"fubu\",\"x\":546},{\"width\":83,\"y\":855,\"height\":62,\"name\":\"kudang\",\"x\":234},{\"width\":102,\"y\":524,\"height\":63,\"name\":\"youxie21\",\"x\":898},{\"width\":71,\"y\":923,\"height\":38,\"name\":\"youxie2\",\"x\":131},{\"width\":102,\"y\":572,\"height\":129,\"name\":\"youjiao2\",\"x\":536},{\"width\":25,\"y\":681,\"height\":71,\"name\":\"guang8\",\"x\":994},{\"width\":20,\"y\":153,\"height\":24,\"name\":\"guang9\",\"x\":986},{\"width\":97,\"y\":664,\"height\":130,\"name\":\"youtui2\",\"x\":189},{\"width\":32,\"y\":692,\"height\":78,\"name\":\"guang7\",\"x\":154},{\"width\":27,\"y\":618,\"height\":40,\"name\":\"guang6\",\"x\":189},{\"width\":74,\"y\":804,\"height\":40,\"name\":\"lingzi\",\"x\":247},{\"width\":80,\"y\":855,\"height\":66,\"name\":\"bozi\",\"x\":152},{\"width\":59,\"y\":992,\"height\":29,\"name\":\"guang3\",\"x\":1},{\"width\":182,\"y\":265,\"height\":157,\"name\":\"xiong\",\"x\":370},{\"width\":75,\"y\":692,\"height\":74,\"name\":\"guang2\",\"x\":77},{\"width\":34,\"y\":978,\"height\":36,\"name\":\"guang1\",\"x\":385},{\"width\":138,\"y\":455,\"height\":67,\"name\":\"kuabu\",\"x\":811},{\"width\":200,\"y\":179,\"height\":176,\"name\":\"boli\",\"x\":737},{\"width\":44,\"y\":132,\"height\":43,\"name\":\"gaoguang\",\"x\":940},{\"width\":159,\"y\":265,\"height\":171,\"name\":\"eji\",\"x\":554},{\"width\":74,\"y\":692,\"height\":78,\"name\":\"jian\",\"x\":1},{\"width\":33,\"y\":975,\"height\":35,\"name\":\"dapbing2\",\"x\":280},{\"width\":25,\"y\":941,\"height\":11,\"name\":\"daobing3\",\"x\":63},{\"width\":16,\"y\":438,\"height\":125,\"name\":\"daobing1\",\"x\":684},{\"frameY\":0,\"y\":1,\"frameWidth\":94,\"frameHeight\":129,\"width\":49,\"height\":129,\"name\":\"dao22\",\"frameX\":-28,\"x\":940},{\"width\":94,\"y\":357,\"height\":282,\"name\":\"dao\",\"x\":715},{\"width\":20,\"y\":1,\"height\":150,\"name\":\"xx2\",\"x\":991},{\"width\":20,\"y\":772,\"height\":21,\"name\":\"xx1\",\"x\":152},{\"width\":29,\"y\":357,\"height\":86,\"name\":\"xx3\",\"x\":987},{\"width\":48,\"y\":589,\"height\":129,\"name\":\"xx4\",\"x\":905},{\"width\":19,\"y\":844,\"height\":45,\"name\":\"xx5\",\"x\":131},{\"width\":35,\"y\":804,\"height\":126,\"name\":\"dao1\",\"x\":331},{\"width\":48,\"y\":924,\"height\":56,\"name\":\"zuozhangx1\",\"x\":439},{\"width\":38,\"y\":860,\"height\":96,\"name\":\"guangx1\",\"x\":1},{\"width\":11,\"y\":975,\"height\":28,\"name\":\"guangx2\",\"x\":315},{\"width\":11,\"y\":438,\"height\":139,\"name\":\"guangx3\",\"x\":702},{\"width\":82,\"y\":664,\"height\":138,\"name\":\"youbi\",\"x\":288},{\"width\":19,\"y\":891,\"height\":23,\"name\":\"guang13\",\"x\":131},{\"width\":68,\"y\":446,\"height\":73,\"name\":\"youzhang\",\"x\":951},{\"width\":52,\"y\":932,\"height\":59,\"name\":\"zuozhang1\",\"x\":331},{\"width\":80,\"y\":701,\"height\":127,\"name\":\"zuozhang2\",\"x\":372},{\"width\":73,\"y\":768,\"height\":74,\"name\":\"zuowang2\",\"x\":77},{\"width\":20,\"y\":941,\"height\":18,\"name\":\"guang12\",\"x\":41},{\"width\":64,\"y\":260,\"height\":95,\"name\":\"youwang\",\"x\":939},{\"width\":13,\"y\":772,\"height\":22,\"name\":\"guang14\",\"x\":174},{\"width\":97,\"y\":357,\"height\":96,\"name\":\"youjianjia\",\"x\":811},{\"width\":59,\"y\":572,\"height\":58,\"name\":\"jianjianxx\",\"x\":640},{\"width\":63,\"y\":589,\"height\":90,\"name\":\"zuowang1\",\"x\":955},{\"frameY\":-1,\"y\":1,\"frameWidth\":368,\"frameHeight\":263,\"width\":365,\"height\":262,\"name\":\"feng2\",\"frameX\":-3,\"x\":370},{\"frameY\":-4,\"y\":533,\"frameWidth\":275,\"frameHeight\":100,\"width\":217,\"height\":83,\"name\":\"effectdaoguang0003\",\"frameX\":-58,\"x\":1},{\"frameY\":-16,\"y\":362,\"frameWidth\":275,\"frameHeight\":100,\"width\":270,\"height\":81,\"name\":\"effectdaoguang0005\",\"frameX\":-2,\"x\":1},{\"frameY\":-1,\"y\":445,\"frameWidth\":275,\"frameHeight\":100,\"width\":217,\"height\":86,\"name\":\"effectdaoguang0002\",\"frameX\":-58,\"x\":1},{\"frameY\":-5,\"y\":266,\"frameWidth\":275,\"frameHeight\":100,\"width\":244,\"height\":94,\"name\":\"effectdaoguang0004\",\"frameX\":-28,\"x\":1},{\"frameY\":-1,\"y\":502,\"frameWidth\":275,\"frameHeight\":100,\"width\":226,\"height\":82,\"name\":\"effectdaoguang0001\",\"frameX\":-47,\"x\":220},{\"frameY\":0,\"y\":502,\"frameWidth\":90,\"frameHeight\":197,\"width\":86,\"height\":197,\"name\":\"effect11\",\"frameX\":-4,\"x\":448}],\"height\":1024,\"name\":\"SwordsMan\",\"imagePath\":\"SwordsMan_tex.png\"}","_texture":{"__uuid__":"06AUi5O1JPoowSeZCErNhB"},"texture":{"__uuid__":"06AUi5O1JPoowSeZCErNhB"}}