[{"__type__":"cc.SpriteFrame","content":{"name":"slice10_10","texture":"200uX6q/ZOB7FQUQ8NEPge","rect":[0,0,96,6],"offset":[0,0],"originalSize":[96,6],"capInsets":[0,0,0,0]}},[{"__type__":"cc.Prefab","_name":"player","data":{"__id__":1}},{"__type__":"cc.Node","_name":"player","_children":[{"__id__":2},{"__id__":3},{"__id__":9},{"__id__":11}],"_components":[{"__type__":"8280erEKDtJFKFWKyiEi9v2","node":{"__id__":1},"State":{"__id__":11},"HP":{"__id__":10},"HP_Pro":{"__id__":8},"Name":{"__id__":7}}],"_prefab":{"__type__":"cc.PrefabInfo","root":{"__id__":1},"asset":{"__uuid__":"93wc1EMYhHsJTigF4xYj/H"},"fileId":"e5uZUH5RxK5KsgdPXH86ar"},"_contentSize":{"__type__":"cc.Size","width":233,"height":1231},"_anchorPoint":{"__type__":"cc.Vec2","x":0.5134073493261516,"y":0.45787982379825753},"_trs":{"__type__":"TypedArray","ctor":"Float64Array","array":[0,0,0,0,0,0,1,1,1,1]}},{"__type__":"cc.Node","_name":"playerbg","_parent":{"__id__":1},"_components":[{"__type__":"cc.Sprite","node":{"__id__":2},"_materials":[{"__uuid__":"ecpdLyjvZBwrvm+cedCcQy"}],"_spriteFrame":{"__uuid__":"f4hyPqHsBFh7krCWXBVACU"}}],"_prefab":{"__type__":"cc.PrefabInfo","root":{"__id__":1},"asset":{"__uuid__":"93wc1EMYhHsJTigF4xYj/H"},"fileId":"59LqZojTNDG7HZrlRZ1CM1"},"_contentSize":{"__type__":"cc.Size","width":282,"height":355},"_trs":{"__type__":"TypedArray","ctor":"Float64Array","array":[0,0,0,0,0,0,1,0.255,0.255,0.511]}},{"__type__":"cc.Node","_name":"hpbg","_parent":{"__id__":1},"_children":[{"__id__":4},{"__id__":6}],"_components":[{"__type__":"cc.Sprite","node":{"__id__":3},"_materials":[{"__uuid__":"ecpdLyjvZBwrvm+cedCcQy"}],"_spriteFrame":{"__uuid__":"e2d9HEhiFDeK3jGP6mJ9zE"},"_sizeMode":0},{"__id__":8}],"_prefab":{"__type__":"cc.PrefabInfo","root":{"__id__":1},"asset":{"__uuid__":"93wc1EMYhHsJTigF4xYj/H"},"fileId":"adjEmmB2ZGYrnAVoVV9Ldx"},"_contentSize":{"__type__":"cc.Size","width":60.9,"height":10.6},"_trs":{"__type__":"TypedArray","ctor":"Float64Array","array":[-2,55,0,0,0,0,1,1,1,1]}},{"__type__":"cc.Node","_name":"hp2","_parent":{"__id__":3},"_components":[{"__id__":5}],"_prefab":{"__type__":"cc.PrefabInfo","root":{"__id__":1},"asset":{"__uuid__":"93wc1EMYhHsJTigF4xYj/H"},"fileId":"97TY5XC9RGl7oig9u6Pg/q"},"_contentSize":{"__type__":"cc.Size","width":55,"height":3.9},"_anchorPoint":{"__type__":"cc.Vec2","y":0.5},"_trs":{"__type__":"TypedArray","ctor":"Float64Array","array":[-27.5,-0.009999999776482582,0,0,0,0,1,1,1,1]}},{"__type__":"cc.Sprite","node":{"__id__":4},"_materials":[{"__uuid__":"ecpdLyjvZBwrvm+cedCcQy"}],"_spriteFrame":{"__uuid__":"8dRuG/Vi1JVptVNE5YnuGO"},"_sizeMode":0},{"__type__":"cc.Node","_name":"name","_parent":{"__id__":3},"_components":[{"__id__":7}],"_prefab":{"__type__":"cc.PrefabInfo","root":{"__id__":1},"asset":{"__uuid__":"93wc1EMYhHsJTigF4xYj/H"},"fileId":"c0x+m0JSFMxJOidiIolULy"},"_contentSize":{"__type__":"cc.Size","width":37.52,"height":18.9},"_trs":{"__type__":"TypedArray","ctor":"Float64Array","array":[-1,18,0,0,0,0,1,1,1,1]}},{"__type__":"cc.Label","node":{"__id__":6},"_materials":[{"__uuid__":"ecpdLyjvZBwrvm+cedCcQy"}],"_useOriginalSize":false,"_string":"name","_N$string":"name","_fontSize":15,"_lineHeight":15,"_N$horizontalAlign":1,"_N$verticalAlign":1},{"__type__":"cc.ProgressBar","node":{"__id__":3},"_N$totalLength":55,"_N$barSprite":{"__id__":5}},{"__type__":"cc.Node","_name":"hp","_parent":{"__id__":1},"_active":false,"_components":[{"__id__":10},{"__type__":"cc.Widget","node":{"__id__":9},"_wasAlignOnce":{},"isAlignOnce":{},"_target":{"__id__":1},"_alignFlags":16,"_left":-2.8806030174319304,"_top":151.4600347286622,"_horizontalCenter":45.49829240485216}],"_prefab":{"__type__":"cc.PrefabInfo","root":{"__id__":1},"asset":{"__uuid__":"93wc1EMYhHsJTigF4xYj/H"},"fileId":"38ODbP1oBIwoEczSTDvla3"},"_color":{"__type__":"cc.Color"},"_contentSize":{"__type__":"cc.Size","width":11.12,"height":40},"_trs":{"__type__":"TypedArray","ctor":"Float64Array","array":[44.599998474121094,53.400001525878906,0,0,0,0,1,1,1,1]}},{"__type__":"cc.Label","node":{"__id__":9},"_useOriginalSize":false,"_string":"0","_N$string":"0","_fontSize":20,"_N$horizontalAlign":1,"_N$verticalAlign":1},{"__type__":"cc.Node","_name":"state","_parent":{"__id__":1},"_components":[{"__type__":"cc.Layout","node":{"__id__":11},"_layoutSize":{"__type__":"cc.Size","width":20,"height":21},"_resize":1,"_N$layoutType":1,"_N$spacingX":5},{"__type__":"cc.Sprite","node":{"__id__":11}}],"_prefab":{"__type__":"cc.PrefabInfo","root":{"__id__":1},"asset":{"__uuid__":"93wc1EMYhHsJTigF4xYj/H"},"fileId":"4dzal6kKlP+J49A/TvCZVr"},"_contentSize":{"__type__":"cc.Size","width":20,"height":21},"_trs":{"__type__":"TypedArray","ctor":"Float64Array","array":[0,99.84,0,0,0,0,1,1,1,1]}}],{"__type__":"cc.SpriteFrame","content":{"name":"slice07_07","texture":"398Up8BO9Ds4rrI8mTsGqF","rect":[0,0,105,15],"offset":[0,0],"originalSize":[105,15],"capInsets":[0,0,0,0]}},{"__type__":"cc.SpriteFrame","content":{"name":"HB001_2","texture":"7eS3+JXOJGOKV+RO6V5Rxo","rect":[24,12,282,355],"offset":[7,-4.5],"originalSize":[316,370],"capInsets":[0,0,0,0]}}]