[{"__type__":"cc.SceneAsset","_name":"mjmap","scene":{"__id__":1},"asyncLoadAssets":null},{"__type__":"cc.Scene","_name":"New Node","_children":[{"__id__":2}],"_anchorPoint":{"__type__":"cc.Vec2"},"_trs":{"__type__":"TypedArray","ctor":"Float64Array","array":[0,0,0,0,0,0,1,1,1,1]},"autoReleaseAssets":false},{"__type__":"cc.Node","_name":"Canvas","_parent":{"__id__":1},"_children":[{"__id__":3},{"__id__":4}],"_components":[{"__type__":"cc.Canvas","node":{"__id__":2},"_fitWidth":true}],"_contentSize":{"__type__":"cc.Size","width":960,"height":640},"_trs":{"__type__":"TypedArray","ctor":"Float64Array","array":[480,320,0,0,0,0,1,1,1,1]},"_id":"1aOcmukSRDPYt/L7VWVw9z"},{"__type__":"cc.Node","_name":"Main Camera","_parent":{"__id__":2},"_components":[{"__type__":"cc.Camera","node":{"__id__":3},"_clearFlags":7,"_depth":-1,"_nearClip":0.1}],"_trs":{"__type__":"TypedArray","ctor":"Float64Array","array":[0,0,320.72167768822,0,0,0,1,1,1,1]}},{"__type__":"cc.Node","_name":"bg","_parent":{"__id__":2},"_children":[{"__id__":5},{"__id__":7},{"__id__":9},{"__id__":11},{"__id__":13}],"_components":[{"__type__":"cc.Sprite","node":{"__id__":4},"_materials":[{"__uuid__":"ecpdLyjvZBwrvm+cedCcQy"}],"_spriteFrame":{"__uuid__":"fcq0DWvOxFkbxNhjeywcvE"},"_sizeMode":0},{"__type__":"cc.Widget","node":{"__id__":4},"alignMode":0,"_left":55,"_right":55,"_top":33.5,"_bottom":33.5,"_originalWidth":850,"_originalHeight":573},{"__type__":"045b3S/n0FJO6Xht+UqCcFn","node":{"__id__":4}}],"_contentSize":{"__type__":"cc.Size","width":960,"height":640},"_trs":{"__type__":"TypedArray","ctor":"Float64Array","array":[0,0,0,0,0,0,1,1,1,1]}},{"__type__":"cc.Node","_name":"back","_parent":{"__id__":4},"_children":[{"__id__":6}],"_components":[{"__type__":"cc.Button","node":{"__id__":5},"clickEvents":[{"__type__":"cc.ClickEvent","target":{"__id__":4},"_componentId":"045b3S/n0FJO6Xht+UqCcFn","handler":"goback"}],"_N$transition":2,"transition":2,"_N$pressedColor":{"__type__":"cc.Color","r":255,"g":255,"b":255},"pressedColor":{"__type__":"cc.Color","r":255,"g":255,"b":255},"_N$disabledColor":{"__type__":"cc.Color","r":255,"g":255,"b":255},"_N$normalSprite":{"__uuid__":"f0BIwQ8D5Ml7nTNQbh1YlS"},"_N$pressedSprite":{"__uuid__":"e97GVMl6JHh5Ml5qEDdSGa"},"pressedSprite":{"__uuid__":"e97GVMl6JHh5Ml5qEDdSGa"},"_N$hoverSprite":{"__uuid__":"e97GVMl6JHh5Ml5qEDdSGa"},"hoverSprite":{"__uuid__":"e97GVMl6JHh5Ml5qEDdSGa"},"_N$disabledSprite":{"__uuid__":"29FYIk+N1GYaeWH/q1NxQO"},"_N$target":{"__id__":5}},{"__type__":"cc.Widget","node":{"__id__":5},"alignMode":0,"_alignFlags":33,"_left":822,"_right":38,"_top":21,"_bottom":579,"_originalWidth":100,"_originalHeight":40}],"_contentSize":{"__type__":"cc.Size","width":100,"height":40},"_trs":{"__type__":"TypedArray","ctor":"Float64Array","array":[392,279,0,0,0,0,1,1,1,1]}},{"__type__":"cc.Node","_name":"Label","_parent":{"__id__":5},"_components":[{"__type__":"cc.Label","node":{"__id__":6},"_materials":[{"__uuid__":"ecpdLyjvZBwrvm+cedCcQy"}],"_useOriginalSize":false,"_string":"返回","_N$string":"返回","_fontSize":20,"_enableWrapText":false,"_N$horizontalAlign":1,"_N$verticalAlign":1,"_N$overflow":1}],"_color":{"__type__":"cc.Color"},"_contentSize":{"__type__":"cc.Size","width":100,"height":40},"_trs":{"__type__":"TypedArray","ctor":"Float64Array","array":[0,0,0,0,0,0,1,1,1,1]}},{"__type__":"cc.Node","_name":"th","_parent":{"__id__":4},"_children":[{"__id__":8}],"_components":[{"__type__":"cc.Sprite","node":{"__id__":7},"_materials":[{"__uuid__":"ecpdLyjvZBwrvm+cedCcQy"}],"_spriteFrame":{"__uuid__":"7bcweIerNOoK+4Oe8QbyxQ"},"_type":1,"_sizeMode":0},{"__type__":"cc.Button","node":{"__id__":7},"clickEvents":[{"__type__":"cc.ClickEvent","target":{"__id__":4},"_componentId":"045b3S/n0FJO6Xht+UqCcFn","handler":"gobattle","customEventData":"1"}],"_N$transition":2,"transition":2,"_N$pressedColor":{"__type__":"cc.Color","r":255,"g":255,"b":255},"pressedColor":{"__type__":"cc.Color","r":255,"g":255,"b":255},"_N$disabledColor":{"__type__":"cc.Color","r":255,"g":255,"b":255},"_N$normalSprite":{"__uuid__":"7bcweIerNOoK+4Oe8QbyxQ"},"_N$pressedSprite":{"__uuid__":"0ednJj+NFGRJjgvnqsbFD5"},"pressedSprite":{"__uuid__":"0ednJj+NFGRJjgvnqsbFD5"},"_N$hoverSprite":{"__uuid__":"0ednJj+NFGRJjgvnqsbFD5"},"hoverSprite":{"__uuid__":"0ednJj+NFGRJjgvnqsbFD5"},"_N$disabledSprite":{"__uuid__":"7bcweIerNOoK+4Oe8QbyxQ"},"_N$target":{"__id__":7}},{"__type__":"cc.Widget","node":{"__id__":7},"alignMode":0,"_alignFlags":9,"_left":147.70000000000002,"_right":603.9,"_top":204.35000000000002,"_bottom":324.95,"_originalWidth":208.4,"_originalHeight":110.7}],"_contentSize":{"__type__":"cc.Size","width":208.4,"height":110.7},"_trs":{"__type__":"TypedArray","ctor":"Float64Array","array":[-228.09999999999997,60.299999999999976,0,0,0,0,1,1,1,1]}},{"__type__":"cc.Node","_name":"name","_parent":{"__id__":7},"_components":[{"__type__":"cc.Sprite","node":{"__id__":8},"_materials":[{"__uuid__":"ecpdLyjvZBwrvm+cedCcQy"}],"_spriteFrame":{"__uuid__":"d9nuBhfKJO4YGufgf4X1D4"},"_sizeMode":0}],"_contentSize":{"__type__":"cc.Size","width":34,"height":113},"_trs":{"__type__":"TypedArray","ctor":"Float64Array","array":[85,53,0,0,0,0,1,1,1,1]}},{"__type__":"cc.Node","_name":"hf","_parent":{"__id__":4},"_children":[{"__id__":10}],"_components":[{"__type__":"cc.Sprite","node":{"__id__":9},"_materials":[{"__uuid__":"ecpdLyjvZBwrvm+cedCcQy"}],"_spriteFrame":{"__uuid__":"56dOk1vpFEcYDGe0jdVnz+"},"_type":1,"_sizeMode":0},{"__type__":"cc.Button","node":{"__id__":9},"clickEvents":[{"__type__":"cc.ClickEvent","target":{"__id__":4},"_componentId":"045b3S/n0FJO6Xht+UqCcFn","handler":"gobattle","customEventData":"2"}],"_N$transition":2,"transition":2,"_N$pressedColor":{"__type__":"cc.Color","r":255,"g":255,"b":255},"pressedColor":{"__type__":"cc.Color","r":255,"g":255,"b":255},"_N$disabledColor":{"__type__":"cc.Color","r":255,"g":255,"b":255},"_N$normalSprite":{"__uuid__":"56dOk1vpFEcYDGe0jdVnz+"},"_N$pressedSprite":{"__uuid__":"32lw1ilDFMDqv4BSpV5oUW"},"pressedSprite":{"__uuid__":"32lw1ilDFMDqv4BSpV5oUW"},"_N$hoverSprite":{"__uuid__":"32lw1ilDFMDqv4BSpV5oUW"},"hoverSprite":{"__uuid__":"32lw1ilDFMDqv4BSpV5oUW"},"_N$disabledSprite":{"__uuid__":"56dOk1vpFEcYDGe0jdVnz+"},"_N$target":{"__id__":9}},{"__type__":"cc.Widget","node":{"__id__":9},"alignMode":0,"_alignFlags":12,"_left":48.00150000000001,"_right":701.53,"_top":310.154,"_bottom":163.154,"_originalWidth":174,"_originalHeight":95.8}],"_contentSize":{"__type__":"cc.Size","width":175.7,"height":95.8},"_trs":{"__type__":"TypedArray","ctor":"Float64Array","array":[-325.69999664878844,-73.49999954319001,0,0,0,0,1,1.2100000381469727,1.7400000095367432,1]}},{"__type__":"cc.Node","_name":"name","_parent":{"__id__":9},"_components":[{"__type__":"cc.Sprite","node":{"__id__":10},"_materials":[{"__uuid__":"ecpdLyjvZBwrvm+cedCcQy"}],"_spriteFrame":{"__uuid__":"70vsgtL0lN/KwGWAz+EPTP"},"_sizeMode":0}],"_contentSize":{"__type__":"cc.Size","width":29,"height":68},"_trs":{"__type__":"TypedArray","ctor":"Float64Array","array":[-47,24,0,0,0,0,1,1,1,1]}},{"__type__":"cc.Node","_name":"ms","_parent":{"__id__":4},"_children":[{"__id__":12}],"_components":[{"__type__":"cc.Sprite","node":{"__id__":11},"_materials":[{"__uuid__":"ecpdLyjvZBwrvm+cedCcQy"}],"_spriteFrame":{"__uuid__":"7fZ0HhtWpILJxKLWA/XIUD"},"_type":1,"_sizeMode":0},{"__type__":"cc.Button","node":{"__id__":11},"clickEvents":[{"__type__":"cc.ClickEvent","target":{"__id__":4},"_componentId":"045b3S/n0FJO6Xht+UqCcFn","handler":"gobattle","customEventData":"0"}],"_N$transition":2,"transition":2,"_N$pressedColor":{"__type__":"cc.Color","r":255,"g":255,"b":255},"pressedColor":{"__type__":"cc.Color","r":255,"g":255,"b":255},"_N$disabledColor":{"__type__":"cc.Color","r":255,"g":255,"b":255},"_N$normalSprite":{"__uuid__":"7fZ0HhtWpILJxKLWA/XIUD"},"_N$pressedSprite":{"__uuid__":"aeB7QJXfNIWL+RVI5GHzx1"},"pressedSprite":{"__uuid__":"aeB7QJXfNIWL+RVI5GHzx1"},"_N$hoverSprite":{"__uuid__":"aeB7QJXfNIWL+RVI5GHzx1"},"hoverSprite":{"__uuid__":"aeB7QJXfNIWL+RVI5GHzx1"},"_N$disabledSprite":{"__uuid__":"7fZ0HhtWpILJxKLWA/XIUD"},"_N$target":{"__id__":11}},{"__type__":"cc.Widget","node":{"__id__":11},"alignMode":0,"_alignFlags":33,"_left":657.7090000000001,"_right":30.218739726027394,"_top":187.49,"_bottom":289.49,"_originalWidth":186.7,"_originalHeight":85.8}],"_contentSize":{"__type__":"cc.Size","width":186,"height":85.8},"_trs":{"__type__":"TypedArray","ctor":"Float64Array","array":[314.0012567263042,51.000001022815695,0,0,0,0,1,1.4600000381469727,1.899999976158142,1]}},{"__type__":"cc.Node","_name":"name","_parent":{"__id__":11},"_components":[{"__type__":"cc.Sprite","node":{"__id__":12},"_materials":[{"__uuid__":"ecpdLyjvZBwrvm+cedCcQy"}],"_spriteFrame":{"__uuid__":"9cR6KvhB9PxKkxl+ddzeTD"},"_sizeMode":0}],"_contentSize":{"__type__":"cc.Size","width":25,"height":57},"_trs":{"__type__":"TypedArray","ctor":"Float64Array","array":[41,45,0,0,0,0,1,1,1,1]}},{"__type__":"cc.Node","_name":"bg_right","_parent":{"__id__":4},"_components":[{"__type__":"cc.Sprite","node":{"__id__":13},"_materials":[{"__uuid__":"ecpdLyjvZBwrvm+cedCcQy"}],"_spriteFrame":{"__uuid__":"cb+MSpI7JDt4SKU5VI3KZf"}},{"__type__":"cc.Widget","node":{"__id__":13},"alignMode":0,"_alignFlags":32}],"_contentSize":{"__type__":"cc.Size","width":61,"height":617},"_trs":{"__type__":"TypedArray","ctor":"Float64Array","array":[449.5,0,0,0,0,0,1,1,1,1]}}]