[{"__type__":"cc.Prefab","_name":"drop","data":{"__id__":1}},{"__type__":"cc.Node","_name":"drop","_components":[{"__type__":"cc.Label","node":{"__id__":1},"_useOriginalSize":false,"_string":"左右互搏x1","_N$string":"左右互搏x1","_fontSize":20,"_lineHeight":20,"_N$horizontalAlign":1,"_N$verticalAlign":1}],"_prefab":{"__type__":"cc.PrefabInfo","root":{"__id__":1},"asset":{"__uuid__":"52tbp3fZVCUJWSvy0c7L2C"},"fileId":"68h51fLwhHzomBHUMSFoW7"},"_contentSize":{"__type__":"cc.Size","width":101.12,"height":25.2},"_trs":{"__type__":"TypedArray","ctor":"Float64Array","array":[-128.5,3.049999952316284,0,0,0,0,0,1,1,1]}}]