[[{"__type__":"cc.Prefab","_name":"item","data":{"__id__":1}},{"__type__":"cc.Node","_name":"item","_children":[{"__id__":2}],"_components":[{"__type__":"cc.Label","node":{"__id__":1},"_useOriginalSize":false,"_string":"遮挡了","_N$string":"遮挡了","_fontSize":15,"_lineHeight":30,"_N$horizontalAlign":1,"_N$verticalAlign":1},{"__type__":"d8005u8o99AgLblW57jlV99","node":{"__id__":1}},{"__type__":"cc.Button","node":{"__id__":1},"_N$normalColor":{"__type__":"cc.Color","r":214,"g":214,"b":214},"_N$target":{"__id__":1}},{"__type__":"cc.Toggle","node":{"__id__":1},"_N$transition":2,"transition":2,"_N$normalColor":{"__type__":"cc.Color","r":214,"g":214,"b":214},"checkMark":{"__id__":3}}],"_prefab":{"__type__":"cc.PrefabInfo","root":{"__id__":1},"asset":{"__uuid__":"ec3qdGVDhLj6nswUjU6C7/"},"fileId":"50KrhngrlPNLtjPt5tMw8T"},"_color":{"__type__":"cc.Color"},"_contentSize":{"__type__":"cc.Size","width":45,"height":37.8},"_anchorPoint":{"__type__":"cc.Vec2","y":1},"_trs":{"__type__":"TypedArray","ctor":"Float64Array","array":[-40,-5,0,0,0,0,0,1,1,1]}},{"__type__":"cc.Node","_name":"New Sprite","_parent":{"__id__":1},"_active":false,"_components":[{"__id__":3}],"_prefab":{"__type__":"cc.PrefabInfo","root":{"__id__":1},"asset":{"__uuid__":"ec3qdGVDhLj6nswUjU6C7/"},"fileId":"51TMa0N5VGvq1Gu/sTtu+x"},"_contentSize":{"__type__":"cc.Size","width":198,"height":44},"_trs":{"__type__":"TypedArray","ctor":"Float64Array","array":[36.75199890136719,-32.87099838256836,0,0,0,0,0,0.4180000126361847,0.2840000092983246,0.2840000092983246]}},{"__type__":"cc.Sprite","node":{"__id__":2},"_spriteFrame":{"__uuid__":"fcnhstHkBM9r79urZCESEG"}}],{"__type__":"cc.SpriteFrame","content":{"name":"pt_exp_img","texture":"0dwCLTnLZG5pC1gLofXKcV","rect":[0,0,198,44],"offset":[0,0],"originalSize":[198,44],"capInsets":[0,0,0,0]}}]