{"__type__":"cc.SpriteAtlas","_name":"setting.plist","_spriteFrames":{"setting1":{"__uuid__":"bfUKhTuxBBw7kGvm7RdJa+"},"setting10":{"__uuid__":"b8ItVhUPVMtIk9fullAgpv"},"setting11":{"__uuid__":"46JbaTaodE4oTaO3oUYFqK"},"setting12":{"__uuid__":"50GJeOM9tHYJCM3yD3vO34"},"setting2":{"__uuid__":"04/vUUw/hMxIzVfJ7y/yQ5"},"setting3":{"__uuid__":"92EQyt4oRIk6mZY/OOr1Es"},"setting4":{"__uuid__":"a3NyP1LuZBkJQR0sOeYwOj"},"setting5":{"__uuid__":"edL4xDfFlCELMig9Vapn8b"},"setting6":{"__uuid__":"18w9zuQoBK1amFwZnBe3qN"},"setting8":{"__uuid__":"1aumrgXGxPn7XNVt2ArmVE"},"setting9":{"__uuid__":"2br5qoXKdMGo10YYywRKG2"}}}