[{"__type__":"cc.SceneAsset","_name":"battle","scene":{"__id__":1},"asyncLoadAssets":null},{"__type__":"cc.Scene","_name":"New Node","_children":[{"__id__":2}],"_active":false,"_anchorPoint":{"__type__":"cc.Vec2"},"_trs":{"__type__":"TypedArray","ctor":"Float64Array","array":[0,0,0,0,0,0,1,1,1,1]},"autoReleaseAssets":false},{"__type__":"cc.Node","_name":"Canvas","_parent":{"__id__":1},"_children":[{"__id__":3},{"__id__":4},{"__id__":5},{"__id__":7},{"__type__":"cc.Node","_name":"enemy4","_parent":{"__id__":2},"_trs":{"__type__":"TypedArray","ctor":"Float64Array","array":[344.62200927734375,-31.22800064086914,0,0,0,0,1,1,1,1]}},{"__id__":18},{"__id__":19},{"__id__":20},{"__id__":21}],"_components":[{"__type__":"cc.Canvas","node":{"__id__":2},"_fitWidth":true},{"__type__":"1b276jauydOsoRxxOtfq860","node":{"__id__":2},"player":{"__uuid__":"93wc1EMYhHsJTigF4xYj/H"},"enemy":{"__uuid__":"67TUtgRUBEyIUiCal1IfA6"}}],"_contentSize":{"__type__":"cc.Size","width":960,"height":640},"_trs":{"__type__":"TypedArray","ctor":"Float64Array","array":[480,320,0,0,0,0,1,1,1,1]},"_id":"a4usnYhmZOIJf1tXnM1J8e"},{"__type__":"cc.Node","_name":"Main Camera","_parent":{"__id__":2},"_components":[{"__type__":"cc.Camera","node":{"__id__":3},"_clearFlags":7,"_depth":-1,"_nearClip":0.1}],"_trs":{"__type__":"TypedArray","ctor":"Float64Array","array":[0,0,307.70216211368523,0,0,0,1,1,1,1]}},{"__type__":"cc.Node","_name":"bg","_parent":{"__id__":2},"_components":[{"__type__":"cc.Sprite","node":{"__id__":4},"_materials":[{"__uuid__":"ecpdLyjvZBwrvm+cedCcQy"}],"_spriteFrame":{"__uuid__":"05+ZSM281NdK0mAQ52JjC1"},"_sizeMode":0}],"_contentSize":{"__type__":"cc.Size","width":960,"height":388},"_trs":{"__type__":"TypedArray","ctor":"Float64Array","array":[0,127,0,0,0,0,1,1,1,1]}},{"__type__":"cc.Node","_name":"ack","_parent":{"__id__":2},"_children":[{"__id__":6}],"_components":[{"__type__":"cc.Sprite","node":{"__id__":5},"_materials":[{"__uuid__":"ecpdLyjvZBwrvm+cedCcQy"}],"_spriteFrame":{"__uuid__":"f0BIwQ8D5Ml7nTNQbh1YlS"},"_type":1,"_sizeMode":0},{"__type__":"cc.Button","node":{"__id__":5},"_N$transition":2,"transition":2,"_N$pressedColor":{"__type__":"cc.Color","r":255,"g":255,"b":255},"pressedColor":{"__type__":"cc.Color","r":255,"g":255,"b":255},"_N$disabledColor":{"__type__":"cc.Color","r":255,"g":255,"b":255},"_N$normalSprite":{"__uuid__":"f0BIwQ8D5Ml7nTNQbh1YlS"},"_N$pressedSprite":{"__uuid__":"e97GVMl6JHh5Ml5qEDdSGa"},"pressedSprite":{"__uuid__":"e97GVMl6JHh5Ml5qEDdSGa"},"_N$hoverSprite":{"__uuid__":"e97GVMl6JHh5Ml5qEDdSGa"},"hoverSprite":{"__uuid__":"e97GVMl6JHh5Ml5qEDdSGa"},"_N$disabledSprite":{"__uuid__":"29FYIk+N1GYaeWH/q1NxQO"},"_N$target":{"__id__":5}}],"_contentSize":{"__type__":"cc.Size","width":100,"height":40},"_trs":{"__type__":"TypedArray","ctor":"Float64Array","array":[60,-408,0,0,0,0,1,1,1,1]}},{"__type__":"cc.Node","_name":"Label","_parent":{"__id__":5},"_components":[{"__type__":"cc.Label","node":{"__id__":6},"_materials":[{"__uuid__":"ecpdLyjvZBwrvm+cedCcQy"}],"_useOriginalSize":false,"_string":"攻击","_N$string":"攻击","_fontSize":20,"_enableWrapText":false,"_N$horizontalAlign":1,"_N$verticalAlign":1,"_N$overflow":1}],"_color":{"__type__":"cc.Color"},"_contentSize":{"__type__":"cc.Size","width":100,"height":40},"_anchorPoint":{"__type__":"cc.Vec2","x":0.48133934016926444,"y":0.5},"_trs":{"__type__":"TypedArray","ctor":"Float64Array","array":[-2,0,0,0,0,0,1,1,1,1]}},{"__type__":"cc.Node","_name":"dhk","_parent":{"__id__":2},"_children":[{"__id__":8},{"__id__":9}],"_components":[{"__type__":"cc.Sprite","node":{"__id__":7},"_materials":[{"__uuid__":"ecpdLyjvZBwrvm+cedCcQy"}],"_spriteFrame":{"__uuid__":"4e+weAcGVKeatAhXwQecyn"},"_type":1,"_sizeMode":0,"_isTrimmedMode":false}],"_prefab":{"__type__":"cc.PrefabInfo","root":{"__id__":7},"asset":{"__uuid__":"5cmlBECRhHTLLjdtoXLqvt"},"fileId":"aeLsN6PXdJbIRp3Rmdytlq"},"_contentSize":{"__type__":"cc.Size","width":760,"height":217},"_trs":{"__type__":"TypedArray","ctor":"Float64Array","array":[0,-191,0,0,0,0,1,1,1,1]}},{"__type__":"cc.Node","_name":"Label_xt","_parent":{"__id__":7},"_components":[{"__type__":"cc.Label","node":{"__id__":8},"_materials":[{"__uuid__":"ecpdLyjvZBwrvm+cedCcQy"}],"_useOriginalSize":false,"_string":"战斗信息","_N$string":"战斗信息","_fontSize":25,"_N$horizontalAlign":1,"_N$verticalAlign":1,"_N$overflow":2},{"__type__":"cc.Widget","node":{"__id__":8},"alignMode":0,"_alignFlags":9,"_left":30,"_top":30}],"_prefab":{"__type__":"cc.PrefabInfo","root":{"__id__":7},"asset":{"__uuid__":"5cmlBECRhHTLLjdtoXLqvt"},"fileId":"3aMgqxgexIxrK4wjOhkV5A"},"_contentSize":{"__type__":"cc.Size","width":72,"height":31},"_trs":{"__type__":"TypedArray","ctor":"Float64Array","array":[-314,63,0,0,0,0,1,1,1,1]}},{"__type__":"cc.Node","_name":"scroll","_parent":{"__id__":7},"_children":[{"__id__":10},{"__id__":16}],"_components":[{"__id__":14},{"__type__":"cc.Widget","node":{"__id__":9},"alignMode":0,"_alignFlags":45,"_left":31.99999999999998,"_right":30.00000000000002,"_top":80,"_bottom":10,"_originalWidth":240,"_originalHeight":250}],"_prefab":{"__type__":"cc.PrefabInfo","root":{"__id__":7},"asset":{"__uuid__":"5cmlBECRhHTLLjdtoXLqvt"},"fileId":"daxptz58dNkZ02rK1VEMsr"},"_color":{"__type__":"cc.Color"},"_contentSize":{"__type__":"cc.Size","width":698,"height":127},"_trs":{"__type__":"TypedArray","ctor":"Float64Array","array":[1,-35,0,0,0,0,1,1,1,1]}},{"__type__":"cc.Node","_name":"scrollBar","_parent":{"__id__":9},"_children":[{"__id__":11}],"_components":[{"__id__":13},{"__type__":"cc.Widget","node":{"__id__":10},"alignMode":0,"_alignFlags":37,"_left":350.07654921020657,"_originalHeight":237},{"__type__":"cc.Sprite","node":{"__id__":10},"_type":1,"_sizeMode":0}],"_prefab":{"__type__":"cc.PrefabInfo","root":{"__id__":7},"asset":{"__uuid__":"5cmlBECRhHTLLjdtoXLqvt"},"fileId":"83rHpkGXVMDaP/ImgSLZzk"},"_color":{"__type__":"cc.Color","r":238,"g":217,"b":227},"_contentSize":{"__type__":"cc.Size","width":12,"height":127},"_anchorPoint":{"__type__":"cc.Vec2","x":1,"y":0.5},"_trs":{"__type__":"TypedArray","ctor":"Float64Array","array":[349,0,0,0,0,0,1,1,1,1]}},{"__type__":"cc.Node","_name":"bar","_parent":{"__id__":10},"_components":[{"__id__":12}],"_prefab":{"__type__":"cc.PrefabInfo","root":{"__id__":7},"asset":{"__uuid__":"5cmlBECRhHTLLjdtoXLqvt"},"fileId":"9cRbcPHPpA4YSS7Y3EMK0h"},"_color":{"__type__":"cc.Color","r":236,"g":241,"b":245},"_contentSize":{"__type__":"cc.Size","width":10,"height":30},"_anchorPoint":{"__type__":"cc.Vec2","x":1},"_trs":{"__type__":"TypedArray","ctor":"Float64Array","array":[-1,0,0,0,0,0,1,1,1,1]}},{"__type__":"cc.Sprite","node":{"__id__":11},"_type":1,"_sizeMode":0},{"__type__":"cc.Scrollbar","node":{"__id__":10},"_scrollView":{"__id__":14},"_N$handle":{"__id__":12},"_N$direction":1},{"__type__":"cc.ScrollView","node":{"__id__":9},"horizontal":false,"brake":0.75,"bounceDuration":0.23,"_N$content":{"__id__":15},"content":{"__id__":15},"_N$horizontalScrollBar":null,"_N$verticalScrollBar":{"__id__":13}},{"__type__":"cc.Node","_name":"content","_parent":{"__id__":16},"_children":[{"__id__":17}],"_components":[{"__type__":"cc.Widget","node":{"__id__":15},"alignMode":0,"_alignFlags":41,"_left":2,"_right":-2,"_originalWidth":220,"_originalHeight":400},{"__type__":"cc.Layout","node":{"__id__":15},"_layoutSize":{"__type__":"cc.Size","width":698,"height":65.2},"_resize":1,"_N$layoutType":2}],"_prefab":{"__type__":"cc.PrefabInfo","root":{"__id__":7},"asset":{"__uuid__":"5cmlBECRhHTLLjdtoXLqvt"},"fileId":"69KwG2JSlIuLt9oDgK1Kk5"},"_contentSize":{"__type__":"cc.Size","width":698,"height":65.2},"_anchorPoint":{"__type__":"cc.Vec2","x":0.5,"y":1},"_trs":{"__type__":"TypedArray","ctor":"Float64Array","array":[2,64,0,0,0,0,1,1,1,1]}},{"__type__":"cc.Node","_name":"view","_parent":{"__id__":9},"_children":[{"__id__":15}],"_components":[{"__type__":"cc.Mask","node":{"__id__":16},"_materials":[{"__uuid__":"ecpdLyjvZBwrvm+cedCcQy"}],"_N$alphaThreshold":1},{"__type__":"cc.Widget","node":{"__id__":16},"alignMode":0,"_alignFlags":45,"_top":1.5,"_bottom":-2.5,"_originalWidth":240,"_originalHeight":250},{"__type__":"cc.PolygonCollider","node":{"__id__":16},"points":[{"__type__":"cc.Vec2","x":-50,"y":-50},{"__type__":"cc.Vec2","x":50,"y":-50},{"__type__":"cc.Vec2","x":50,"y":50},{"__type__":"cc.Vec2","x":-50,"y":50}]}],"_prefab":{"__type__":"cc.PrefabInfo","root":{"__id__":7},"asset":{"__uuid__":"5cmlBECRhHTLLjdtoXLqvt"},"fileId":"93xd/adutCKJkTZDDp2uAU"},"_contentSize":{"__type__":"cc.Size","width":698,"height":128},"_trs":{"__type__":"TypedArray","ctor":"Float64Array","array":[0,-2,0,0,0,0,1,1,1,1]}},{"__type__":"cc.Node","_name":"item","_parent":{"__id__":15},"_components":[{"__type__":"cc.Label","node":{"__id__":17},"_materials":[{"__uuid__":"ecpdLyjvZBwrvm+cedCcQy"}],"_useOriginalSize":false,"_string":"\n\n","_N$string":"\n\n","_fontSize":16,"_lineHeight":20,"_N$verticalAlign":1},{"__type__":"cc.Widget","node":{"__id__":17},"alignMode":0,"_alignFlags":44,"_right":698,"_originalWidth":131.33,"_originalHeight":60}],"_prefab":{"__type__":"cc.PrefabInfo","root":{"__id__":7},"asset":{"__uuid__":"5cmlBECRhHTLLjdtoXLqvt"},"fileId":"d2n2QorHhHf4nKgde+auAy"},"_contentSize":{"__type__":"cc.Size","height":65.2},"_anchorPoint":{"__type__":"cc.Vec2","y":1},"_trs":{"__type__":"TypedArray","ctor":"Float64Array","array":[-349,0,0,0,0,0,1,1,1,1]}},{"__type__":"cc.Node","_name":"liu","_parent":{"__id__":2},"_components":[{"__type__":"cc.Animation","node":{"__id__":18},"_defaultClip":{"__uuid__":"31lq8M3QlCQLJ5kjJo1YcF"},"_clips":[{"__uuid__":"31lq8M3QlCQLJ5kjJo1YcF"}],"playOnLoad":true}],"_contentSize":{"__type__":"cc.Size","width":166,"height":47},"_trs":{"__type__":"TypedArray","ctor":"Float64Array","array":[-65.76599884033203,58,0,0,0,0,1,0.800000011920929,0.800000011920929,1]}},{"__type__":"cc.Node","_name":"huihe_title","_parent":{"__id__":2},"_components":[{"__type__":"cc.Sprite","node":{"__id__":19},"_materials":[{"__uuid__":"ecpdLyjvZBwrvm+cedCcQy"}],"_spriteFrame":{"__uuid__":"6a2Wr6boRJrKShuk5O5xBM"},"_sizeMode":0}],"_contentSize":{"__type__":"cc.Size","width":764,"height":50},"_trs":{"__type__":"TypedArray","ctor":"Float64Array","array":[0,273,0,0,0,0,1,1,1,1]}},{"__type__":"cc.Node","_name":"huihe","_parent":{"__id__":2},"_components":[{"__type__":"cc.Label","node":{"__id__":20},"_materials":[{"__uuid__":"ecpdLyjvZBwrvm+cedCcQy"}],"_useOriginalSize":false,"_string":"1","_N$string":"1","_N$horizontalAlign":1,"_N$verticalAlign":1}],"_color":{"__type__":"cc.Color","r":168,"g":33,"b":33},"_contentSize":{"__type__":"cc.Size","width":22.25,"height":50.4},"_trs":{"__type__":"TypedArray","ctor":"Float64Array","array":[-20,275.6000061035156,0,0,0,0,1,1,1,1]}},{"__type__":"cc.Node","_name":"end","_parent":{"__id__":2},"_children":[{"__id__":22},{"__id__":23},{"__id__":24},{"__id__":25},{"__id__":26},{"__id__":27},{"__id__":28}],"_active":false,"_components":[{"__type__":"cc.Sprite","node":{"__id__":21},"_materials":[{"__uuid__":"ecpdLyjvZBwrvm+cedCcQy"}],"_spriteFrame":{"__uuid__":"53czmert1Jgp2GCXinN6Hv"},"_sizeMode":0},{"__type__":"c391dLdt/RLp6ys0rNhtNfT","node":{"__id__":21},"drop":{"__uuid__":"52tbp3fZVCUJWSvy0c7L2C"}}],"_prefab":{"__type__":"cc.PrefabInfo","root":{"__id__":21},"asset":{"__uuid__":"037ioOFptD0pOdayf54Sbi"},"fileId":"330JzltONPWp4KinWf/cCC"},"_color":{"__type__":"cc.Color","r":189,"g":181,"b":181},"_contentSize":{"__type__":"cc.Size","width":515,"height":456},"_trs":{"__type__":"TypedArray","ctor":"Float64Array","array":[-16.562999725341797,18.4060001373291,0,0,0,0,1,1,1,1]}},{"__type__":"cc.Node","_name":"rs_button","_parent":{"__id__":21},"_components":[{"__type__":"cc.Sprite","node":{"__id__":22},"_materials":[{"__uuid__":"ecpdLyjvZBwrvm+cedCcQy"}],"_spriteFrame":{"__uuid__":"63d2v+4o9FtKelFTRQ/Vhc"},"_type":1,"_sizeMode":0},{"__type__":"cc.Button","node":{"__id__":22},"clickEvents":[{"__type__":"cc.ClickEvent","target":{"__id__":21},"_componentId":"c391dLdt/RLp6ys0rNhtNfT","handler":"btnClick1"}],"_N$transition":2,"transition":2,"_N$pressedColor":{"__type__":"cc.Color","r":255,"g":255,"b":255},"pressedColor":{"__type__":"cc.Color","r":255,"g":255,"b":255},"_N$disabledColor":{"__type__":"cc.Color","r":255,"g":255,"b":255},"_N$normalSprite":{"__uuid__":"63d2v+4o9FtKelFTRQ/Vhc"},"_N$pressedSprite":{"__uuid__":"e3BlWCGLZHsb7SgDZQf24B"},"pressedSprite":{"__uuid__":"e3BlWCGLZHsb7SgDZQf24B"},"_N$hoverSprite":{"__uuid__":"63d2v+4o9FtKelFTRQ/Vhc"},"hoverSprite":{"__uuid__":"63d2v+4o9FtKelFTRQ/Vhc"},"_N$target":{"__id__":22}}],"_prefab":{"__type__":"cc.PrefabInfo","root":{"__id__":21},"asset":{"__uuid__":"037ioOFptD0pOdayf54Sbi"},"fileId":"a3/rIiUgdNNo0S/HuyhBgG"},"_contentSize":{"__type__":"cc.Size","width":100,"height":40},"_trs":{"__type__":"TypedArray","ctor":"Float64Array","array":[-7,-182,0,0,0,0,1,1,1,1]}},{"__type__":"cc.Node","_name":"slice03_03","_parent":{"__id__":21},"_components":[{"__type__":"cc.Sprite","node":{"__id__":23},"_materials":[{"__uuid__":"ecpdLyjvZBwrvm+cedCcQy"}],"_spriteFrame":{"__uuid__":"cf04ROGMFJq5EC6iDZ+g3s"}}],"_prefab":{"__type__":"cc.PrefabInfo","root":{"__id__":21},"asset":{"__uuid__":"037ioOFptD0pOdayf54Sbi"},"fileId":"6dxSIExk1GQ6LuxBAaB4DN"},"_contentSize":{"__type__":"cc.Size","width":44,"height":54},"_trs":{"__type__":"TypedArray","ctor":"Float64Array","array":[61.540000915527344,35.9109992980957,0,0,0,0,1,1,1,1]}},{"__type__":"cc.Node","_name":"slice03_03","_parent":{"__id__":21},"_components":[{"__type__":"cc.Sprite","node":{"__id__":24},"_materials":[{"__uuid__":"ecpdLyjvZBwrvm+cedCcQy"}],"_spriteFrame":{"__uuid__":"cf04ROGMFJq5EC6iDZ+g3s"}}],"_prefab":{"__type__":"cc.PrefabInfo","root":{"__id__":21},"asset":{"__uuid__":"037ioOFptD0pOdayf54Sbi"},"fileId":"7fFKl2zMFJ350KEckh11es"},"_contentSize":{"__type__":"cc.Size","width":44,"height":54},"_trs":{"__type__":"TypedArray","ctor":"Float64Array","array":[-8.460000038146973,34.9109992980957,0,0,0,0,1,1,1,1]}},{"__type__":"cc.Node","_name":"slice02_02","_parent":{"__id__":21},"_components":[{"__type__":"cc.Sprite","node":{"__id__":25},"_materials":[{"__uuid__":"ecpdLyjvZBwrvm+cedCcQy"}],"_spriteFrame":{"__uuid__":"8bbI4GvN1ApoGYlwWQoA6V"}}],"_prefab":{"__type__":"cc.PrefabInfo","root":{"__id__":21},"asset":{"__uuid__":"037ioOFptD0pOdayf54Sbi"},"fileId":"06IRrwzJdIK4zap+ncN8Dh"},"_contentSize":{"__type__":"cc.Size","width":55,"height":30},"_trs":{"__type__":"TypedArray","ctor":"Float64Array","array":[-181.1230010986328,-30.24799919128418,0,0,0,0,1,1,1,1]}},{"__type__":"cc.Node","_name":"slice03_03","_parent":{"__id__":21},"_components":[{"__type__":"cc.Sprite","node":{"__id__":26},"_materials":[{"__uuid__":"ecpdLyjvZBwrvm+cedCcQy"}],"_spriteFrame":{"__uuid__":"cf04ROGMFJq5EC6iDZ+g3s"}}],"_prefab":{"__type__":"cc.PrefabInfo","root":{"__id__":21},"asset":{"__uuid__":"037ioOFptD0pOdayf54Sbi"},"fileId":"1asfMLhHNEpITuVtiN/6cx"},"_contentSize":{"__type__":"cc.Size","width":44,"height":54},"_trs":{"__type__":"TypedArray","ctor":"Float64Array","array":[-81.45999908447266,36.9109992980957,0,0,0,0,1,1,1,1]}},{"__type__":"cc.Node","_name":"slice15_15","_parent":{"__id__":21},"_components":[{"__type__":"cc.Sprite","node":{"__id__":27},"_materials":[{"__uuid__":"ecpdLyjvZBwrvm+cedCcQy"}],"_spriteFrame":{"__uuid__":"369+PJBeRHybwVcKffworg"}}],"_prefab":{"__type__":"cc.PrefabInfo","root":{"__id__":21},"asset":{"__uuid__":"037ioOFptD0pOdayf54Sbi"},"fileId":"b4qdAoXJZE74ZmlOd+4ThX"},"_contentSize":{"__type__":"cc.Size","width":197,"height":118},"_trs":{"__type__":"TypedArray","ctor":"Float64Array","array":[-8,127,0,0,0,0,1,1,1,1]}},{"__type__":"cc.Node","_name":"items","_parent":{"__id__":21},"_components":[{"__type__":"cc.Layout","node":{"__id__":28},"_layoutSize":{"__type__":"cc.Size","width":333,"height":25},"_N$layoutType":3,"_N$spacingX":10,"_N$spacingY":5}],"_prefab":{"__type__":"cc.PrefabInfo","root":{"__id__":21},"asset":{"__uuid__":"037ioOFptD0pOdayf54Sbi"},"fileId":"f5a8RTspxOS6nleS5t8oKW"},"_contentSize":{"__type__":"cc.Size","width":333,"height":25},"_trs":{"__type__":"TypedArray","ctor":"Float64Array","array":[0,-66,0,0,0,0,1,1.1039999723434448,1,1]}}]