[{"__type__":"cc.SpriteFrame","content":{"name":"setting2","texture":"1d4sCsBWJI06YF5Bf0mmMO","rect":[890,153,51,55],"offset":[0,0],"originalSize":[51,55],"rotated":1,"capInsets":[0,0,0,0]}},{"__type__":"cc.SpriteFrame","content":{"name":"setting6","texture":"1d4sCsBWJI06YF5Bf0mmMO","rect":[822,153,66,66],"offset":[0,0],"originalSize":[66,66],"capInsets":[0,0,0,0]}},{"__type__":"cc.SpriteFrame","content":{"name":"setting8","texture":"1d4sCsBWJI06YF5Bf0mmMO","rect":[2,2,758,480],"offset":[0,0],"originalSize":[758,480],"capInsets":[0,0,0,0]}},{"__type__":"cc.SpriteFrame","content":{"name":"setting9","texture":"1d4sCsBWJI06YF5Bf0mmMO","rect":[890,206,220,42],"offset":[0,0],"originalSize":[220,42],"rotated":1,"capInsets":[0,0,0,0]}},{"__type__":"cc.SpriteFrame","content":{"name":"setting11","texture":"1d4sCsBWJI06YF5Bf0mmMO","rect":[762,49,430,32],"offset":[0,0],"originalSize":[430,32],"rotated":1,"capInsets":[0,0,0,0]}},{"__type__":"cc.SpriteFrame","content":{"name":"setting12","texture":"1d4sCsBWJI06YF5Bf0mmMO","rect":[796,49,424,24],"offset":[0,0],"originalSize":[424,24],"rotated":1,"capInsets":[0,0,0,0]}},{"__type__":"cc.SpriteFrame","content":{"name":"setting3","texture":"1d4sCsBWJI06YF5Bf0mmMO","rect":[822,357,66,66],"offset":[0,0],"originalSize":[66,66],"capInsets":[0,0,0,0]}},{"__type__":"cc.SpriteFrame","content":{"name":"setting4","texture":"1d4sCsBWJI06YF5Bf0mmMO","rect":[822,289,66,66],"offset":[0,0],"originalSize":[66,66],"capInsets":[0,0,0,0]}},{"__type__":"cc.SpriteFrame","content":{"name":"setting10","texture":"1d4sCsBWJI06YF5Bf0mmMO","rect":[762,2,184,45],"offset":[0,0],"originalSize":[184,45],"capInsets":[0,0,0,0]}},{"__type__":"cc.SpriteFrame","content":{"name":"setting1","texture":"1d4sCsBWJI06YF5Bf0mmMO","rect":[822,49,102,102],"offset":[0,0],"originalSize":[102,102],"capInsets":[0,0,0,0]}},{"__type__":"cc.SpriteFrame","content":{"name":"setting5","texture":"1d4sCsBWJI06YF5Bf0mmMO","rect":[822,221,66,66],"offset":[0,0],"originalSize":[66,66],"capInsets":[0,0,0,0]}}]