[{"__type__":"cc.SpriteFrame","content":{"name":"dhk","texture":"04Q2PBmsxPzoyOBE1calhU","rect":[0,0,1070,509],"offset":[0,0],"originalSize":[1070,509],"capInsets":[0,0,0,0]}},{"__type__":"cc.SpriteFrame","content":{"name":"default_scrollbar_vertical","texture":"d608qFRoFHwbXd0Dap056i","rect":[0,0,15,30],"offset":[0,0],"originalSize":[15,30],"capInsets":[4,10,4,10]}},[{"__type__":"cc.Prefab","_name":"dhk","data":{"__id__":1}},{"__type__":"cc.Node","_name":"dhk","_children":[{"__id__":2},{"__id__":3}],"_components":[{"__type__":"cc.Sprite","node":{"__id__":1},"_spriteFrame":{"__uuid__":"4e+weAcGVKeatAhXwQecyn"},"_type":1,"_sizeMode":0,"_isTrimmedMode":false}],"_prefab":{"__type__":"cc.PrefabInfo","root":{"__id__":1},"asset":{"__uuid__":"5cmlBECRhHTLLjdtoXLqvt"},"fileId":"aeLsN6PXdJbIRp3Rmdytlq"},"_contentSize":{"__type__":"cc.Size","width":656,"height":198},"_trs":{"__type__":"TypedArray","ctor":"Float64Array","array":[-40,-135,0,0,0,0,0,1,1,1]}},{"__type__":"cc.Node","_name":"Label_xt","_parent":{"__id__":1},"_components":[{"__type__":"cc.Label","node":{"__id__":2},"_useOriginalSize":false,"_string":"系统","_N$string":"系统","_fontSize":25,"_N$horizontalAlign":1,"_N$verticalAlign":1,"_N$overflow":2},{"__type__":"cc.Widget","node":{"__id__":2},"alignMode":0,"_alignFlags":9,"_left":30,"_top":30}],"_prefab":{"__type__":"cc.PrefabInfo","root":{"__id__":1},"asset":{"__uuid__":"5cmlBECRhHTLLjdtoXLqvt"},"fileId":"3aMgqxgexIxrK4wjOhkV5A"},"_color":{"__type__":"cc.Color","r":25,"g":18,"b":18},"_contentSize":{"__type__":"cc.Size","width":72,"height":31},"_trs":{"__type__":"TypedArray","ctor":"Float64Array","array":[-262,53.5,0,0,0,0,0,1,1,1]}},{"__type__":"cc.Node","_name":"scroll","_parent":{"__id__":1},"_children":[{"__id__":4},{"__id__":10}],"_components":[{"__id__":8},{"__type__":"cc.Widget","node":{"__id__":3},"alignMode":0,"_alignFlags":45,"_left":31.99999999999998,"_right":30.00000000000002,"_top":80,"_bottom":10,"_originalWidth":240,"_originalHeight":250}],"_prefab":{"__type__":"cc.PrefabInfo","root":{"__id__":1},"asset":{"__uuid__":"5cmlBECRhHTLLjdtoXLqvt"},"fileId":"daxptz58dNkZ02rK1VEMsr"},"_color":{"__type__":"cc.Color"},"_contentSize":{"__type__":"cc.Size","width":594,"height":108},"_trs":{"__type__":"TypedArray","ctor":"Float64Array","array":[1,-35,0,0,0,0,0,1,1,1]}},{"__type__":"cc.Node","_name":"scrollBar","_parent":{"__id__":3},"_children":[{"__id__":5}],"_components":[{"__id__":7},{"__type__":"cc.Widget","node":{"__id__":4},"alignMode":0,"_alignFlags":37,"_left":350.07654921020657,"_originalHeight":237},{"__type__":"cc.Sprite","node":{"__id__":4},"_spriteFrame":{"__uuid__":"5f5dyqtRNNxaFmVzYns6FZ"},"_type":1,"_sizeMode":0}],"_prefab":{"__type__":"cc.PrefabInfo","root":{"__id__":1},"asset":{"__uuid__":"5cmlBECRhHTLLjdtoXLqvt"},"fileId":"83rHpkGXVMDaP/ImgSLZzk"},"_color":{"__type__":"cc.Color","r":238,"g":217,"b":227},"_contentSize":{"__type__":"cc.Size","width":12,"height":108},"_anchorPoint":{"__type__":"cc.Vec2","x":1,"y":0.5},"_trs":{"__type__":"TypedArray","ctor":"Float64Array","array":[297,0,0,0,0,0,0,1,1,1]}},{"__type__":"cc.Node","_name":"bar","_parent":{"__id__":4},"_components":[{"__id__":6}],"_prefab":{"__type__":"cc.PrefabInfo","root":{"__id__":1},"asset":{"__uuid__":"5cmlBECRhHTLLjdtoXLqvt"},"fileId":"9cRbcPHPpA4YSS7Y3EMK0h"},"_color":{"__type__":"cc.Color","r":236,"g":241,"b":245},"_contentSize":{"__type__":"cc.Size","width":10,"height":30},"_anchorPoint":{"__type__":"cc.Vec2","x":1},"_trs":{"__type__":"TypedArray","ctor":"Float64Array","array":[-1,0,0,0,0,0,0,1,1,1]}},{"__type__":"cc.Sprite","node":{"__id__":5},"_spriteFrame":{"__uuid__":"5cO7kybDxGj4ipyMYdRYZB"},"_type":1,"_sizeMode":0},{"__type__":"cc.Scrollbar","node":{"__id__":4},"_scrollView":{"__id__":8},"_N$handle":{"__id__":6},"_N$direction":1},{"__type__":"cc.ScrollView","node":{"__id__":3},"horizontal":false,"brake":0.75,"bounceDuration":0.23,"_N$content":{"__id__":9},"content":{"__id__":9},"_N$horizontalScrollBar":null,"_N$verticalScrollBar":{"__id__":7}},{"__type__":"cc.Node","_name":"content","_parent":{"__id__":10},"_children":[{"__id__":11}],"_components":[{"__type__":"cc.Widget","node":{"__id__":9},"alignMode":0,"_alignFlags":41,"_originalWidth":220,"_originalHeight":400},{"__type__":"cc.Layout","node":{"__id__":9},"_layoutSize":{"__type__":"cc.Size","width":594,"height":65.2},"_resize":1,"_N$layoutType":2}],"_prefab":{"__type__":"cc.PrefabInfo","root":{"__id__":1},"asset":{"__uuid__":"5cmlBECRhHTLLjdtoXLqvt"},"fileId":"69KwG2JSlIuLt9oDgK1Kk5"},"_contentSize":{"__type__":"cc.Size","width":594,"height":65.2},"_anchorPoint":{"__type__":"cc.Vec2","x":0.5,"y":1},"_trs":{"__type__":"TypedArray","ctor":"Float64Array","array":[0,54.5,0,0,0,0,0,1,1,1]}},{"__type__":"cc.Node","_name":"view","_parent":{"__id__":3},"_children":[{"__id__":9}],"_components":[{"__type__":"cc.Mask","node":{"__id__":10},"_N$alphaThreshold":1},{"__type__":"cc.Widget","node":{"__id__":10},"alignMode":0,"_alignFlags":45,"_top":1.5,"_bottom":-2.5,"_originalWidth":240,"_originalHeight":250},{"__type__":"cc.PolygonCollider","node":{"__id__":10},"points":[{"__type__":"cc.Vec2","x":-50,"y":-50},{"__type__":"cc.Vec2","x":50,"y":-50},{"__type__":"cc.Vec2","x":50,"y":50},{"__type__":"cc.Vec2","x":-50,"y":50}]}],"_prefab":{"__type__":"cc.PrefabInfo","root":{"__id__":1},"asset":{"__uuid__":"5cmlBECRhHTLLjdtoXLqvt"},"fileId":"93xd/adutCKJkTZDDp2uAU"},"_contentSize":{"__type__":"cc.Size","width":594,"height":109},"_trs":{"__type__":"TypedArray","ctor":"Float64Array","array":[0,-2,0,0,0,0,0,1,1,1]}},{"__type__":"cc.Node","_name":"item","_parent":{"__id__":9},"_components":[{"__type__":"cc.Label","node":{"__id__":11},"_useOriginalSize":false,"_string":"\n\n","_N$string":"\n\n","_fontSize":16,"_lineHeight":20,"_N$horizontalAlign":1,"_N$verticalAlign":1},{"__type__":"cc.Widget","node":{"__id__":11},"alignMode":0,"_alignFlags":44,"_right":131.33,"_originalWidth":131.33,"_originalHeight":60}],"_prefab":{"__type__":"cc.PrefabInfo","root":{"__id__":1},"asset":{"__uuid__":"5cmlBECRhHTLLjdtoXLqvt"},"fileId":"d2n2QorHhHf4nKgde+auAy"},"_color":{"__type__":"cc.Color"},"_contentSize":{"__type__":"cc.Size","height":65.2},"_anchorPoint":{"__type__":"cc.Vec2","y":1},"_trs":{"__type__":"TypedArray","ctor":"Float64Array","array":[-297,0,0,0,0,0,0,1,1,1]}}],{"__type__":"cc.SpriteFrame","content":{"name":"default_scrollbar_vertical_bg","texture":"61cyPdEfRN047sDK9rO0W5","rect":[0,0,15,30],"offset":[0,0],"originalSize":[15,30],"capInsets":[4,10,4,10]}}]